province_name,city_name,county_name,area_code,post_code
北京市,北京市,,010,
北京市,北京市,东城区,010,100010
北京市,北京市,西城区,010,100032
北京市,北京市,朝阳区,010,100020
北京市,北京市,丰台区,010,100071
北京市,北京市,石景山区,010,100043
北京市,北京市,海淀区,010,100089
北京市,北京市,门头沟区,010,102300
北京市,北京市,房山区,010,102488
北京市,北京市,通州区,010,101149
北京市,北京市,顺义区,010,101300
北京市,北京市,昌平区,010,102200
北京市,北京市,大兴区,010,102600
北京市,北京市,怀柔区,010,101400
北京市,北京市,平谷区,010,101200
北京市,北京市,密云区,010,101500
北京市,北京市,延庆区,010,102100
天津市,天津市,,022,
天津市,天津市,河西区,022,300202
天津市,天津市,和平区,022,300041
天津市,天津市,河东区,022,300171
天津市,天津市,南开区,022,300110
天津市,天津市,河北区,022,300143
天津市,天津市,红桥区,022,300131
天津市,天津市,东丽区,022,300300
天津市,天津市,西青区,022,300380
天津市,天津市,津南区,022,300350
天津市,天津市,北辰区,022,300400
天津市,天津市,武清区,022,301700
天津市,天津市,宝坻区,022,301800
天津市,天津市,滨海新区,022,300451
天津市,天津市,宁河区,022,301500
天津市,天津市,静海区,022,301600
天津市,天津市,蓟州区,022,301900
河北省,石家庄市,,0311,050011
河北省,石家庄市,长安区,0311,050011
河北省,石家庄市,桥西区,0311,050091
河北省,石家庄市,新华区,0311,050051
河北省,石家庄市,井陉矿区,0311,050100
河北省,石家庄市,裕华区,0311,050031
河北省,石家庄市,藁城区,0311,052160
河北省,石家庄市,鹿泉区,0311,050200
河北省,石家庄市,栾城区,0311,051430
河北省,石家庄市,辛集市,0311,052360
河北省,石家庄市,晋州市,0311,052260
河北省,石家庄市,新乐市,0311,050700
河北省,石家庄市,井陉县,0311,050300
河北省,石家庄市,正定县,0311,050800
河北省,石家庄市,行唐县,0311,050600
河北省,石家庄市,灵寿县,0311,050500
河北省,石家庄市,高邑县,0311,051330
河北省,石家庄市,深泽县,0311,052560
河北省,石家庄市,赞皇县,0311,051230
河北省,石家庄市,无极县,0311,052460
河北省,石家庄市,平山县,0311,050400
河北省,石家庄市,元氏县,0311,051130
河北省,石家庄市,赵县,0311,051530
河北省,唐山市,,0315,063000
河北省,唐山市,路北区,0315,063000
河北省,唐山市,路南区,0315,063000
河北省,唐山市,古冶区,0315,063100
河北省,唐山市,开平区,0315,063021
河北省,唐山市,丰南区,0315,063300
河北省,唐山市,丰润区,0315,064000
河北省,唐山市,曹妃甸区,0315,063200
河北省,唐山市,遵化市,0315,064200
河北省,唐山市,迁安市,0315,064400
河北省,唐山市,滦州市,0315,063700
河北省,唐山市,滦南县,0315,063500
河北省,唐山市,乐亭县,0315,063600
河北省,唐山市,迁西县,0315,064300
河北省,唐山市,玉田县,0315,064100
河北省,秦皇岛市,,0335,066000
河北省,秦皇岛市,海港区,0335,066000
河北省,秦皇岛市,山海关区,0335,066200
河北省,秦皇岛市,北戴河区,0335,066100
河北省,秦皇岛市,抚宁区,0335,066300
河北省,秦皇岛市,昌黎县,0335,066600
河北省,秦皇岛市,卢龙县,0335,066400
河北省,秦皇岛市,青龙满族自治县,0335,066500
河北省,邯郸市,,0310,056002
河北省,邯郸市,丛台区,0310,056002
河北省,邯郸市,邯山区,0310,056001
河北省,邯郸市,复兴区,0310,056003
河北省,邯郸市,峰峰矿区,0310,056200
河北省,邯郸市,肥乡区,0310,057550
河北省,邯郸市,永年区,0310,057150
河北省,邯郸市,武安市,0310,056300
河北省,邯郸市,临漳县,0310,056600
河北省,邯郸市,成安县,0310,056700
河北省,邯郸市,大名县,0310,056900
河北省,邯郸市,涉县,0310,056400
河北省,邯郸市,磁县,0310,056500
河北省,邯郸市,邱县,0310,057450
河北省,邯郸市,鸡泽县,0310,057350
河北省,邯郸市,广平县,0310,057650
河北省,邯郸市,馆陶县,0310,057750
河北省,邯郸市,魏县,0310,056800
河北省,邯郸市,曲周县,0310,057250
河北省,邢台市,,0319,054001
河北省,邢台市,桥东区,0319,054001
河北省,邢台市,桥西区,0319,054000
河北省,邢台市,南宫市,0319,055750
河北省,邢台市,沙河市,0319,054100
河北省,邢台市,邢台县,0319,054001
河北省,邢台市,临城县,0319,054300
河北省,邢台市,内丘县,0319,054200
河北省,邢台市,柏乡县,0319,055450
河北省,邢台市,隆尧县,0319,055350
河北省,邢台市,任县,0319,055150
河北省,邢台市,南和县,0319,054400
河北省,邢台市,宁晋县,0319,055550
河北省,邢台市,巨鹿县,0319,055250
河北省,邢台市,新河县,0319,055650
河北省,邢台市,广宗县,0319,054600
河北省,邢台市,平乡县,0319,054500
河北省,邢台市,威县,0319,054700
河北省,邢台市,清河县,0319,054800
河北省,邢台市,临西县,0319,054999
河北省,保定市,,0312,071052
河北省,保定市,竞秀区,0312,071051
河北省,保定市,莲池区,0312,071000
河北省,保定市,满城区,0312,072150
河北省,保定市,清苑区,0312,071100
河北省,保定市,徐水区,0312,072550
河北省,保定市,涿州市,0312,072750
河北省,保定市,定州市,0312,073000
河北省,保定市,安国市,0312,071200
河北省,保定市,高碑店市,0312,074000
河北省,保定市,涞水县,0312,074100
河北省,保定市,阜平县,0312,073200
河北省,保定市,定兴县,0312,072650
河北省,保定市,唐县,0312,072350
河北省,保定市,高阳县,0312,071500
河北省,保定市,容城县,0312,071700
河北省,保定市,涞源县,0312,074300
河北省,保定市,望都县,0312,072450
河北省,保定市,安新县,0312,071600
河北省,保定市,易县,0312,074200
河北省,保定市,曲阳县,0312,073100
河北省,保定市,蠡县,0312,071400
河北省,保定市,顺平县,0312,072250
河北省,保定市,博野县,0312,071300
河北省,保定市,雄县,0312,071800
河北省,张家口市,,0313,075000
河北省,张家口市,桥西区,0313,075061
河北省,张家口市,桥东区,0313,075000
河北省,张家口市,宣化区,0313,075100
河北省,张家口市,下花园区,0313,075300
河北省,张家口市,万全区,0313,076250
河北省,张家口市,崇礼区,0313,076350
河北省,张家口市,张北县,0313,076450
河北省,张家口市,康保县,0313,076650
河北省,张家口市,沽源县,0313,076550
河北省,张家口市,尚义县,0313,076750
河北省,张家口市,蔚县,0313,075700
河北省,张家口市,阳原县,0313,075800
河北省,张家口市,怀安县,0313,076150
河北省,张家口市,怀来县,0313,075400
河北省,张家口市,涿鹿县,0313,075600
河北省,张家口市,赤城县,0313,075500
河北省,承德市,,0314,067000
河北省,承德市,双桥区,0314,067000
河北省,承德市,双滦区,0314,067001
河北省,承德市,鹰手营子矿区,0314,067200
河北省,承德市,平泉市,0314,067500
河北省,承德市,承德县,0314,067400
河北省,承德市,兴隆县,0314,067300
河北省,承德市,滦平县,0314,068250
河北省,承德市,隆化县,0314,068150
河北省,承德市,丰宁满族自治县,0314,068350
河北省,承德市,宽城满族自治县,0314,067600
河北省,承德市,围场满族蒙古族自治县,0314,068450
河北省,沧州市,,0317,061001
河北省,沧州市,运河区,0317,061001
河北省,沧州市,新华区,0317,061000
河北省,沧州市,泊头市,0317,062150
河北省,沧州市,任丘市,0317,062550
河北省,沧州市,黄骅市,0317,061100
河北省,沧州市,河间市,0317,062450
河北省,沧州市,沧县,0317,061000
河北省,沧州市,青县,0317,062650
河北省,沧州市,东光县,0317,061600
河北省,沧州市,海兴县,0317,061200
河北省,沧州市,盐山县,0317,061300
河北省,沧州市,肃宁县,0317,062350
河北省,沧州市,南皮县,0317,061500
河北省,沧州市,吴桥县,0317,061800
河北省,沧州市,献县,0317,062250
河北省,沧州市,孟村回族自治县,0317,061400
河北省,廊坊市,,0316,065000
河北省,廊坊市,广阳区,0316,065000
河北省,廊坊市,安次区,0316,065000
河北省,廊坊市,霸州市,0316,065700
河北省,廊坊市,三河市,0316,065200
河北省,廊坊市,固安县,0316,065500
河北省,廊坊市,永清县,0316,065600
河北省,廊坊市,香河县,0316,065400
河北省,廊坊市,大城县,0316,065900
河北省,廊坊市,文安县,0316,065800
河北省,廊坊市,大厂回族自治县,0316,065300
河北省,衡水市,,0318,053000
河北省,衡水市,桃城区,0318,053000
河北省,衡水市,冀州区,0318,053200
河北省,衡水市,深州市,0318,053800
河北省,衡水市,枣强县,0318,053100
河北省,衡水市,武邑县,0318,053400
河北省,衡水市,武强县,0318,053300
河北省,衡水市,饶阳县,0318,053900
河北省,衡水市,安平县,0318,053600
河北省,衡水市,故城县,0318,053800
河北省,衡水市,景县,0318,053500
河北省,衡水市,阜城县,0318,053700
山西省,太原市,,0351,030082
山西省,太原市,杏花岭区,0351,030009
山西省,太原市,小店区,0351,030032
山西省,太原市,迎泽区,0351,030002
山西省,太原市,尖草坪区,0351,030023
山西省,太原市,万柏林区,0351,030024
山西省,太原市,晋源区,0351,030025
山西省,太原市,古交市,0351,030200
山西省,太原市,清徐县,0351,030400
山西省,太原市,阳曲县,0351,030100
山西省,太原市,娄烦县,0351,030300
山西省,大同市,,0352,037008
山西省,大同市,平城区,0352,037000
山西省,大同市,云冈区,0352,037003
山西省,大同市,新荣区,0352,037002
山西省,大同市,云州区,0352,037300
山西省,大同市,阳高县,0352,038100
山西省,大同市,天镇县,0352,038200
山西省,大同市,广灵县,0352,037500
山西省,大同市,灵丘县,0352,034400
山西省,大同市,浑源县,0352,037400
山西省,大同市,左云县,0352,037100
山西省,阳泉市,,0353,045000
山西省,阳泉市,城区,0353,045000
山西省,阳泉市,矿区,0353,045000
山西省,阳泉市,郊区,0353,045011
山西省,阳泉市,平定县,0353,045200
山西省,阳泉市,盂县,0353,045100
山西省,长治市,,0355,046000
山西省,长治市,潞州区,0355,046000
山西省,长治市,上党区,0355,047100
山西省,长治市,屯留区,0355,046100
山西省,长治市,潞城区,0355,047500
山西省,长治市,襄垣县,0355,046200
山西省,长治市,平顺县,0355,047400
山西省,长治市,黎城县,0355,047600
山西省,长治市,壶关县,0355,047300
山西省,长治市,长子县,0355,046600
山西省,长治市,武乡县,0355,046300
山西省,长治市,沁县,0355,046400
山西省,长治市,沁源县,0355,046500
山西省,晋城市,,0356,048000
山西省,晋城市,城区,0356,048000
山西省,晋城市,高平市,0356,048400
山西省,晋城市,沁水县,0356,048200
山西省,晋城市,阳城县,0356,048100
山西省,晋城市,陵川县,0356,048300
山西省,晋城市,泽州县,0356,048012
山西省,朔州市,,0349,038500
山西省,朔州市,朔城区,0349,036000
山西省,朔州市,平鲁区,0349,038600
山西省,朔州市,怀仁市,0349,038300
山西省,朔州市,山阴县,0349,036900
山西省,朔州市,应县,0349,037600
山西省,朔州市,右玉县,0349,037200
山西省,晋中市,,0354,030600
山西省,晋中市,榆次区,0354,030600
山西省,晋中市,太谷区,0354,030800
山西省,晋中市,介休市,0354,032000
山西省,晋中市,榆社县,0354,031800
山西省,晋中市,左权县,0354,032600
山西省,晋中市,和顺县,0354,032700
山西省,晋中市,昔阳县,0354,045300
山西省,晋中市,寿阳县,0354,045400
山西省,晋中市,祁县,0354,030900
山西省,晋中市,平遥县,0354,031100
山西省,晋中市,灵石县,0354,031300
山西省,运城市,,0359,044000
山西省,运城市,盐湖区,0359,044000
山西省,运城市,永济市,0359,044500
山西省,运城市,河津市,0359,043300
山西省,运城市,临猗县,0359,044100
山西省,运城市,万荣县,0359,044200
山西省,运城市,闻喜县,0359,043800
山西省,运城市,稷山县,0359,043200
山西省,运城市,新绛县,0359,043100
山西省,运城市,绛县,0359,043600
山西省,运城市,垣曲县,0359,043700
山西省,运城市,夏县,0359,044400
山西省,运城市,平陆县,0359,044300
山西省,运城市,芮城县,0359,044600
山西省,忻州市,,0350,034000
山西省,忻州市,忻府区,0350,034000
山西省,忻州市,原平市,0350,034100
山西省,忻州市,定襄县,0350,035400
山西省,忻州市,五台县,0350,035500
山西省,忻州市,代县,0350,034200
山西省,忻州市,繁峙县,0350,034300
山西省,忻州市,宁武县,0350,036700
山西省,忻州市,静乐县,0350,035100
山西省,忻州市,神池县,0350,036100
山西省,忻州市,五寨县,0350,036200
山西省,忻州市,岢岚县,0350,036300
山西省,忻州市,河曲县,0350,036500
山西省,忻州市,保德县,0350,036600
山西省,忻州市,偏关县,0350,036400
山西省,临汾市,,0357,041000
山西省,临汾市,尧都区,0357,041000
山西省,临汾市,侯马市,0357,043000
山西省,临汾市,霍州市,0357,031400
山西省,临汾市,曲沃县,0357,043400
山西省,临汾市,翼城县,0357,043500
山西省,临汾市,襄汾县,0357,041500
山西省,临汾市,洪洞县,0357,041600
山西省,临汾市,古县,0357,042400
山西省,临汾市,安泽县,0357,042500
山西省,临汾市,浮山县,0357,042600
山西省,临汾市,吉县,0357,042200
山西省,临汾市,乡宁县,0357,042100
山西省,临汾市,大宁县,0357,042300
山西省,临汾市,隰县,0357,041300
山西省,临汾市,永和县,0357,041400
山西省,临汾市,蒲县,0357,041200
山西省,临汾市,汾西县,0357,031500
山西省,吕梁市,,0358,033000
山西省,吕梁市,离石区,0358,033000
山西省,吕梁市,孝义市,0358,032300
山西省,吕梁市,汾阳市,0358,032200
山西省,吕梁市,文水县,0358,032100
山西省,吕梁市,交城县,0358,030500
山西省,吕梁市,兴县,0358,033600
山西省,吕梁市,临县,0358,033200
山西省,吕梁市,柳林县,0358,033300
山西省,吕梁市,石楼县,0358,032500
山西省,吕梁市,岚县,0358,033500
山西省,吕梁市,方山县,0358,033100
山西省,吕梁市,中阳县,0358,033400
山西省,吕梁市,交口县,0358,032400
内蒙古自治区,呼和浩特市,,0471,010000
内蒙古自治区,呼和浩特市,新城区,0471,010050
内蒙古自治区,呼和浩特市,回民区,0471,010030
内蒙古自治区,呼和浩特市,玉泉区,0471,010020
内蒙古自治区,呼和浩特市,赛罕区,0471,010020
内蒙古自治区,呼和浩特市,托克托县,0471,010200
内蒙古自治区,呼和浩特市,和林格尔县,0471,011500
内蒙古自治区,呼和浩特市,清水河县,0471,011600
内蒙古自治区,呼和浩特市,武川县,0471,011700
内蒙古自治区,呼和浩特市,土默特左旗,0471,010100
内蒙古自治区,包头市,,0472,014025
内蒙古自治区,包头市,昆都仑区,0472,014010
内蒙古自治区,包头市,东河区,0472,014040
内蒙古自治区,包头市,青山区,0472,014030
内蒙古自治区,包头市,石拐区,0472,014070
内蒙古自治区,包头市,白云鄂博矿区,0472,014080
内蒙古自治区,包头市,九原区,0472,014060
内蒙古自治区,包头市,固阳县,0472,014200
内蒙古自治区,包头市,土默特右旗,0472,014100
内蒙古自治区,包头市,达尔罕茂明安联合旗,0472,014500
内蒙古自治区,乌海市,,0473,016000
内蒙古自治区,乌海市,海勃湾区,0473,016000
内蒙古自治区,乌海市,海南区,0473,016030
内蒙古自治区,乌海市,乌达区,0473,016040
内蒙古自治区,赤峰市,,0476,024000
内蒙古自治区,赤峰市,红山区,0476,024020
内蒙古自治区,赤峰市,元宝山区,0476,024076
内蒙古自治区,赤峰市,松山区,0476,024005
内蒙古自治区,赤峰市,林西县,0476,025250
内蒙古自治区,赤峰市,宁城县,0476,024200
内蒙古自治区,赤峰市,阿鲁科尔沁旗,0476,025550
内蒙古自治区,赤峰市,巴林左旗,0476,025450
内蒙古自治区,赤峰市,巴林右旗,0476,025150
内蒙古自治区,赤峰市,克什克腾旗,0476,025350
内蒙古自治区,赤峰市,翁牛特旗,0476,024500
内蒙古自治区,赤峰市,喀喇沁旗,0476,024400
内蒙古自治区,赤峰市,敖汉旗,0476,024300
内蒙古自治区,通辽市,,0475,028000
内蒙古自治区,通辽市,科尔沁区,0475,028000
内蒙古自治区,通辽市,霍林郭勒市,0475,029200
内蒙古自治区,通辽市,开鲁县,0475,028400
内蒙古自治区,通辽市,库伦旗,0475,028200
内蒙古自治区,通辽市,奈曼旗,0475,028300
内蒙古自治区,通辽市,扎鲁特旗,0475,029100
内蒙古自治区,通辽市,科尔沁左翼中旗,0475,029300
内蒙古自治区,通辽市,科尔沁左翼后旗,0475,028100
内蒙古自治区,鄂尔多斯市,,0477,017004
内蒙古自治区,鄂尔多斯市,东胜区,0477,017000
内蒙古自治区,鄂尔多斯市,康巴什区,0477,017010
内蒙古自治区,鄂尔多斯市,达拉特旗,0477,014300
内蒙古自治区,鄂尔多斯市,准格尔旗,0477,017100
内蒙古自治区,鄂尔多斯市,鄂托克前旗,0477,016200
内蒙古自治区,鄂尔多斯市,鄂托克旗,0477,016100
内蒙古自治区,鄂尔多斯市,杭锦旗,0477,017400
内蒙古自治区,鄂尔多斯市,乌审旗,0477,017300
内蒙古自治区,鄂尔多斯市,伊金霍洛旗,0477,017200
内蒙古自治区,呼伦贝尔市,,0470,021008
内蒙古自治区,呼伦贝尔市,海拉尔区,0470,021000
内蒙古自治区,呼伦贝尔市,扎赉诺尔区,0470,021410
内蒙古自治区,呼伦贝尔市,满洲里市,0470,021400
内蒙古自治区,呼伦贝尔市,牙克石市,0470,022150
内蒙古自治区,呼伦贝尔市,扎兰屯市,0470,162650
内蒙古自治区,呼伦贝尔市,额尔古纳市,0470,022250
内蒙古自治区,呼伦贝尔市,根河市,0470,022350
内蒙古自治区,呼伦贝尔市,阿荣旗,0470,162750
内蒙古自治区,呼伦贝尔市,陈巴尔虎旗,0470,021500
内蒙古自治区,呼伦贝尔市,新巴尔虎左旗,0470,021200
内蒙古自治区,呼伦贝尔市,新巴尔虎右旗,0470,021300
内蒙古自治区,呼伦贝尔市,莫力达瓦达斡尔族自治旗,0470,162850
内蒙古自治区,呼伦贝尔市,鄂伦春自治旗,0470,165450
内蒙古自治区,呼伦贝尔市,鄂温克族自治旗,0470,021100
内蒙古自治区,巴彦淖尔市,,0478,015001
内蒙古自治区,巴彦淖尔市,临河区,0478,015001
内蒙古自治区,巴彦淖尔市,五原县,0478,015100
内蒙古自治区,巴彦淖尔市,磴口县,0478,015200
内蒙古自治区,巴彦淖尔市,乌拉特前旗,0478,014400
内蒙古自治区,巴彦淖尔市,乌拉特中旗,0478,015300
内蒙古自治区,巴彦淖尔市,乌拉特后旗,0478,015500
内蒙古自治区,巴彦淖尔市,杭锦后旗,0478,015400
内蒙古自治区,乌兰察布市,,0474,012000
内蒙古自治区,乌兰察布市,集宁区,0474,012000
内蒙古自治区,乌兰察布市,丰镇市,0474,012100
内蒙古自治区,乌兰察布市,卓资县,0474,012300
内蒙古自治区,乌兰察布市,化德县,0474,013350
内蒙古自治区,乌兰察布市,商都县,0474,013450
内蒙古自治区,乌兰察布市,兴和县,0474,013650
内蒙古自治区,乌兰察布市,凉城县,0474,013750
内蒙古自治区,乌兰察布市,察哈尔右翼前旗,0474,012200
内蒙古自治区,乌兰察布市,察哈尔右翼中旗,0474,013550
内蒙古自治区,乌兰察布市,察哈尔右翼后旗,0474,012400
内蒙古自治区,乌兰察布市,四子王旗,0474,011800
内蒙古自治区,兴安盟,,0482,137401
内蒙古自治区,兴安盟,乌兰浩特市,0482,137401
内蒙古自治区,兴安盟,阿尔山市,0482,137800
内蒙古自治区,兴安盟,突泉县,0482,137500
内蒙古自治区,兴安盟,科尔沁右翼前旗,0482,137423
内蒙古自治区,兴安盟,科尔沁右翼中旗,0482,029400
内蒙古自治区,兴安盟,扎赉特旗,0482,137600
内蒙古自治区,锡林郭勒盟,,0479,026000
内蒙古自治区,锡林郭勒盟,锡林浩特市,0479,026021
内蒙古自治区,锡林郭勒盟,二连浩特市,0479,011100
内蒙古自治区,锡林郭勒盟,多伦县,0479,027300
内蒙古自治区,锡林郭勒盟,阿巴嘎旗,0479,011400
内蒙古自治区,锡林郭勒盟,苏尼特左旗,0479,011300
内蒙古自治区,锡林郭勒盟,苏尼特右旗,0479,011200
内蒙古自治区,锡林郭勒盟,东乌珠穆沁旗,0479,026300
内蒙古自治区,锡林郭勒盟,西乌珠穆沁旗,0479,026200
内蒙古自治区,锡林郭勒盟,太仆寺旗,0479,027000
内蒙古自治区,锡林郭勒盟,镶黄旗,0479,013250
内蒙古自治区,锡林郭勒盟,正镶白旗,0479,013800
内蒙古自治区,锡林郭勒盟,正蓝旗,0479,027200
内蒙古自治区,阿拉善盟,,0483,750306
内蒙古自治区,阿拉善盟,阿拉善左旗,0483,750306
内蒙古自治区,阿拉善盟,阿拉善右旗,0483,737300
内蒙古自治区,阿拉善盟,额济纳旗,0483,735400
辽宁省,沈阳市,,024,110013
辽宁省,沈阳市,沈河区,024,110011
辽宁省,沈阳市,和平区,024,110001
辽宁省,沈阳市,大东区,024,110041
辽宁省,沈阳市,皇姑区,024,110031
辽宁省,沈阳市,铁西区,024,110021
辽宁省,沈阳市,苏家屯区,024,110101
辽宁省,沈阳市,浑南区,024,110015
辽宁省,沈阳市,沈北新区,024,110121
辽宁省,沈阳市,于洪区,024,110141
辽宁省,沈阳市,辽中区,024,110200
辽宁省,沈阳市,新民市,024,110300
辽宁省,沈阳市,康平县,024,110500
辽宁省,沈阳市,法库县,024,110400
辽宁省,大连市,,0411,116011
辽宁省,大连市,西岗区,0411,116011
辽宁省,大连市,中山区,0411,116001
辽宁省,大连市,沙河口区,0411,116021
辽宁省,大连市,甘井子区,0411,116033
辽宁省,大连市,旅顺口区,0411,116050
辽宁省,大连市,金州区,0411,116600
辽宁省,大连市,瓦房店市,0411,116300
辽宁省,大连市,普兰店区,0411,116299
辽宁省,大连市,庄河市,0411,116400
辽宁省,大连市,长海县,0411,116500
辽宁省,鞍山市,,0412,114001
辽宁省,鞍山市,铁东区,0412,114001
辽宁省,鞍山市,铁西区,0412,114013
辽宁省,鞍山市,立山区,0412,114031
辽宁省,鞍山市,千山区,0412,114041
辽宁省,鞍山市,海城市,0412,114200
辽宁省,鞍山市,台安县,0412,114100
辽宁省,鞍山市,岫岩满族自治县,0412,114300
辽宁省,抚顺市,,024,113008
辽宁省,抚顺市,顺城区,024,113006
辽宁省,抚顺市,新抚区,024,113008
辽宁省,抚顺市,东洲区,024,113003
辽宁省,抚顺市,望花区,024,113001
辽宁省,抚顺市,抚顺县,024,113006
辽宁省,抚顺市,新宾满族自治县,024,113200
辽宁省,抚顺市,清原满族自治县,024,113300
辽宁省,本溪市,,024,117000
辽宁省,本溪市,平山区,024,117000
辽宁省,本溪市,溪湖区,024,117002
辽宁省,本溪市,明山区,024,117020
辽宁省,本溪市,南芬区,024,117014
辽宁省,本溪市,本溪满族自治县,024,117100
辽宁省,本溪市,桓仁满族自治县,024,117200
辽宁省,丹东市,,0415,118000
辽宁省,丹东市,振兴区,0415,118002
辽宁省,丹东市,元宝区,0415,118000
辽宁省,丹东市,振安区,0415,118001
辽宁省,丹东市,东港市,0415,118300
辽宁省,丹东市,凤城市,0415,118100
辽宁省,丹东市,宽甸满族自治县,0415,118200
辽宁省,锦州市,,0416,121000
辽宁省,锦州市,太和区,0416,121012
辽宁省,锦州市,古塔区,0416,121004
辽宁省,锦州市,凌河区,0416,121000
辽宁省,锦州市,凌海市,0416,121200
辽宁省,锦州市,北镇市,0416,121300
辽宁省,锦州市,黑山县,0416,121400
辽宁省,锦州市,义县,0416,121100
辽宁省,营口市,,0417,115003
辽宁省,营口市,站前区,0417,115002
辽宁省,营口市,西市区,0417,115004
辽宁省,营口市,鲅鱼圈区,0417,115007
辽宁省,营口市,老边区,0417,115005
辽宁省,营口市,盖州市,0417,115200
辽宁省,营口市,大石桥市,0417,115100
辽宁省,阜新市,,0418,123000
辽宁省,阜新市,细河区,0418,123000
辽宁省,阜新市,海州区,0418,123000
辽宁省,阜新市,新邱区,0418,123005
辽宁省,阜新市,太平区,0418,123003
辽宁省,阜新市,清河门区,0418,123006
辽宁省,阜新市,彰武县,0418,123200
辽宁省,阜新市,阜新蒙古族自治县,0418,123100
辽宁省,辽阳市,,0419,111000
辽宁省,辽阳市,白塔区,0419,111000
辽宁省,辽阳市,文圣区,0419,111000
辽宁省,辽阳市,宏伟区,0419,111003
辽宁省,辽阳市,弓长岭区,0419,111008
辽宁省,辽阳市,太子河区,0419,111000
辽宁省,辽阳市,灯塔市,0419,111300
辽宁省,辽阳市,辽阳县,0419,111200
辽宁省,盘锦市,,0427,124010
辽宁省,盘锦市,兴隆台区,0427,124010
辽宁省,盘锦市,双台子区,0427,124000
辽宁省,盘锦市,大洼区,0427,124200
辽宁省,盘锦市,盘山县,0427,124107
辽宁省,铁岭市,,024,112000
辽宁省,铁岭市,银州区,024,112000
辽宁省,铁岭市,清河区,024,112003
辽宁省,铁岭市,调兵山市,024,112700
辽宁省,铁岭市,开原市,024,112300
辽宁省,铁岭市,铁岭县,024,112000
辽宁省,铁岭市,西丰县,024,112400
辽宁省,铁岭市,昌图县,024,112500
辽宁省,朝阳市,,0421,122000
辽宁省,朝阳市,双塔区,0421,122000
辽宁省,朝阳市,龙城区,0421,122000
辽宁省,朝阳市,北票市,0421,122100
辽宁省,朝阳市,凌源市,0421,122500
辽宁省,朝阳市,朝阳县,0421,122000
辽宁省,朝阳市,建平县,0421,122400
辽宁省,朝阳市,喀喇沁左翼蒙古族自治县,0421,122300
辽宁省,葫芦岛市,,0429,125000
辽宁省,葫芦岛市,龙港区,0429,125003
辽宁省,葫芦岛市,连山区,0429,125001
辽宁省,葫芦岛市,南票区,0429,125027
辽宁省,葫芦岛市,兴城市,0429,125100
辽宁省,葫芦岛市,绥中县,0429,125200
辽宁省,葫芦岛市,建昌县,0429,125300
吉林省,长春市,,0431,130022
吉林省,长春市,南关区,0431,130022
吉林省,长春市,宽城区,0431,130051
吉林省,长春市,朝阳区,0431,130012
吉林省,长春市,二道区,0431,130031
吉林省,长春市,绿园区,0431,130062
吉林省,长春市,双阳区,0431,130600
吉林省,长春市,九台区,0431,130500
吉林省,长春市,榆树市,0431,130400
吉林省,长春市,德惠市,0431,130300
吉林省,长春市,农安县,0431,130200
吉林省,吉林市,,0432,132011
吉林省,吉林市,船营区,0432,132011
吉林省,吉林市,昌邑区,0432,132002
吉林省,吉林市,龙潭区,0432,132021
吉林省,吉林市,丰满区,0432,132013
吉林省,吉林市,蛟河市,0432,132500
吉林省,吉林市,桦甸市,0432,132400
吉林省,吉林市,舒兰市,0432,132600
吉林省,吉林市,磐石市,0432,132300
吉林省,吉林市,永吉县,0432,132200
吉林省,四平市,,0434,136000
吉林省,四平市,铁西区,0434,136000
吉林省,四平市,铁东区,0434,136001
吉林省,四平市,公主岭市,0434,136100
吉林省,四平市,双辽市,0434,136400
吉林省,四平市,梨树县,0434,136500
吉林省,四平市,伊通满族自治县,0434,130700
吉林省,辽源市,,0437,136200
吉林省,辽源市,龙山区,0437,136200
吉林省,辽源市,西安区,0437,136201
吉林省,辽源市,东丰县,0437,136300
吉林省,辽源市,东辽县,0437,136600
吉林省,通化市,,0435,134001
吉林省,通化市,东昌区,0435,134001
吉林省,通化市,二道江区,0435,134003
吉林省,通化市,梅河口市,0435,135000
吉林省,通化市,集安市,0435,134200
吉林省,通化市,通化县,0435,134100
吉林省,通化市,辉南县,0435,135100
吉林省,通化市,柳河县,0435,135300
吉林省,白山市,,0439,134300
吉林省,白山市,浑江区,0439,134300
吉林省,白山市,江源区,0439,134700
吉林省,白山市,临江市,0439,134600
吉林省,白山市,抚松县,0439,134500
吉林省,白山市,靖宇县,0439,135200
吉林省,白山市,长白朝鲜族自治县,0439,134400
吉林省,松原市,,0438,138000
吉林省,松原市,宁江区,0438,138000
吉林省,松原市,扶余市,0438,131200
吉林省,松原市,长岭县,0438,131500
吉林省,松原市,乾安县,0438,131400
吉林省,松原市,前郭尔罗斯蒙古族自治县,0438,138000
吉林省,白城市,,0436,137000
吉林省,白城市,洮北区,0436,137000
吉林省,白城市,洮南市,0436,137100
吉林省,白城市,大安市,0436,131300
吉林省,白城市,镇赉县,0436,137300
吉林省,白城市,通榆县,0436,137200
吉林省,延边朝鲜族自治州,,0433,133000
吉林省,延边朝鲜族自治州,延吉市,0433,133000
吉林省,延边朝鲜族自治州,图们市,0433,133100
吉林省,延边朝鲜族自治州,敦化市,0433,133700
吉林省,延边朝鲜族自治州,珲春市,0433,133300
吉林省,延边朝鲜族自治州,龙井市,0433,133400
吉林省,延边朝鲜族自治州,和龙市,0433,133500
吉林省,延边朝鲜族自治州,汪清县,0433,133200
吉林省,延边朝鲜族自治州,安图县,0433,133600
黑龙江省,哈尔滨市,,0451,150010
黑龙江省,哈尔滨市,松北区,0451,150028
黑龙江省,哈尔滨市,道里区,0451,150010
黑龙江省,哈尔滨市,南岗区,0451,150006
黑龙江省,哈尔滨市,道外区,0451,150020
黑龙江省,哈尔滨市,平房区,0451,150060
黑龙江省,哈尔滨市,香坊区,0451,150036
黑龙江省,哈尔滨市,呼兰区,0451,150500
黑龙江省,哈尔滨市,阿城区,0451,150300
黑龙江省,哈尔滨市,双城区,0451,150100
黑龙江省,哈尔滨市,尚志市,0451,150600
黑龙江省,哈尔滨市,五常市,0451,150200
黑龙江省,哈尔滨市,依兰县,0451,154800
黑龙江省,哈尔滨市,方正县,0451,150800
黑龙江省,哈尔滨市,宾县,0451,150400
黑龙江省,哈尔滨市,巴彦县,0451,151800
黑龙江省,哈尔滨市,木兰县,0451,151900
黑龙江省,哈尔滨市,通河县,0451,150900
黑龙江省,哈尔滨市,延寿县,0451,150700
黑龙江省,齐齐哈尔市,,0452,161005
黑龙江省,齐齐哈尔市,建华区,0452,161006
黑龙江省,齐齐哈尔市,龙沙区,0452,161000
黑龙江省,齐齐哈尔市,铁锋区,0452,161000
黑龙江省,齐齐哈尔市,昂昂溪区,0452,161031
黑龙江省,齐齐哈尔市,富拉尔基区,0452,161041
黑龙江省,齐齐哈尔市,碾子山区,0452,161046
黑龙江省,齐齐哈尔市,梅里斯达斡尔族区,0452,161021
黑龙江省,齐齐哈尔市,讷河市,0452,161300
黑龙江省,齐齐哈尔市,龙江县,0452,161100
黑龙江省,齐齐哈尔市,依安县,0452,161500
黑龙江省,齐齐哈尔市,泰来县,0452,162400
黑龙江省,齐齐哈尔市,甘南县,0452,162100
黑龙江省,齐齐哈尔市,富裕县,0452,161200
黑龙江省,齐齐哈尔市,克山县,0452,161600
黑龙江省,齐齐哈尔市,克东县,0452,164800
黑龙江省,齐齐哈尔市,拜泉县,0452,164700
黑龙江省,鸡西市,,0467,158100
黑龙江省,鸡西市,鸡冠区,0467,158100
黑龙江省,鸡西市,恒山区,0467,158130
黑龙江省,鸡西市,滴道区,0467,158150
黑龙江省,鸡西市,梨树区,0467,158160
黑龙江省,鸡西市,城子河区,0467,158170
黑龙江省,鸡西市,麻山区,0467,158180
黑龙江省,鸡西市,虎林市,0467,158400
黑龙江省,鸡西市,密山市,0467,158300
黑龙江省,鸡西市,鸡东县,0467,158200
黑龙江省,鹤岗市,,0468,154100
黑龙江省,鹤岗市,向阳区,0468,154100
黑龙江省,鹤岗市,工农区,0468,154101
黑龙江省,鹤岗市,南山区,0468,154104
黑龙江省,鹤岗市,兴安区,0468,154102
黑龙江省,鹤岗市,东山区,0468,154106
黑龙江省,鹤岗市,兴山区,0468,154105
黑龙江省,鹤岗市,萝北县,0468,154200
黑龙江省,鹤岗市,绥滨县,0468,156200
黑龙江省,双鸭山市,,0469,155100
黑龙江省,双鸭山市,尖山区,0469,155100
黑龙江省,双鸭山市,岭东区,0469,155120
黑龙江省,双鸭山市,四方台区,0469,155130
黑龙江省,双鸭山市,宝山区,0469,155131
黑龙江省,双鸭山市,集贤县,0469,155900
黑龙江省,双鸭山市,友谊县,0469,155800
黑龙江省,双鸭山市,宝清县,0469,155600
黑龙江省,双鸭山市,饶河县,0469,155700
黑龙江省,大庆市,,0459,163000
黑龙江省,大庆市,萨尔图区,0459,163001
黑龙江省,大庆市,龙凤区,0459,163711
黑龙江省,大庆市,让胡路区,0459,163712
黑龙江省,大庆市,红岗区,0459,163511
黑龙江省,大庆市,大同区,0459,163515
黑龙江省,大庆市,肇州县,0459,166400
黑龙江省,大庆市,肇源县,0459,166500
黑龙江省,大庆市,林甸县,0459,166300
黑龙江省,大庆市,杜尔伯特蒙古族自治县,0459,166200
黑龙江省,伊春市,,0458,153000
黑龙江省,伊春市,伊美区,0458,153099
黑龙江省,伊春市,乌翠区,0458,153013
黑龙江省,伊春市,友好区,0458,153031
黑龙江省,伊春市,金林区,0458,153026
黑龙江省,伊春市,铁力市,0458,152599
黑龙江省,伊春市,嘉荫县,0458,153299
黑龙江省,伊春市,汤旺县,0458,153037
黑龙江省,伊春市,丰林县,0458,153036
黑龙江省,伊春市,大箐山县,0458,153106
黑龙江省,伊春市,南岔县,0458,153199
黑龙江省,佳木斯市,,0454,154002
黑龙江省,佳木斯市,前进区,0454,154002
黑龙江省,佳木斯市,向阳区,0454,154002
黑龙江省,佳木斯市,东风区,0454,154005
黑龙江省,佳木斯市,郊区,0454,154004
黑龙江省,佳木斯市,同江市,0454,156400
黑龙江省,佳木斯市,富锦市,0454,156100
黑龙江省,佳木斯市,抚远市,0454,156500
黑龙江省,佳木斯市,桦南县,0454,154400
黑龙江省,佳木斯市,桦川县,0454,154300
黑龙江省,佳木斯市,汤原县,0454,154700
黑龙江省,七台河市,,0464,154600
黑龙江省,七台河市,桃山区,0464,154600
黑龙江省,七台河市,新兴区,0464,154604
黑龙江省,七台河市,茄子河区,0464,154622
黑龙江省,七台河市,勃利县,0464,154500
黑龙江省,牡丹江市,,0453,157000
黑龙江省,牡丹江市,东安区,0453,157000
黑龙江省,牡丹江市,阳明区,0453,157013
黑龙江省,牡丹江市,爱民区,0453,157009
黑龙江省,牡丹江市,西安区,0453,157000
黑龙江省,牡丹江市,绥芬河市,0453,157300
黑龙江省,牡丹江市,海林市,0453,157100
黑龙江省,牡丹江市,宁安市,0453,157400
黑龙江省,牡丹江市,穆棱市,0453,157500
黑龙江省,牡丹江市,东宁市,0453,157200
黑龙江省,牡丹江市,林口县,0453,157600
黑龙江省,黑河市,,0456,164300
黑龙江省,黑河市,爱辉区,0456,164300
黑龙江省,黑河市,北安市,0456,164000
黑龙江省,黑河市,五大连池市,0456,164100
黑龙江省,黑河市,嫩江市,0456,161499
黑龙江省,黑河市,逊克县,0456,164400
黑龙江省,黑河市,孙吴县,0456,164200
黑龙江省,绥化市,,0455,152000
黑龙江省,绥化市,北林区,0455,152000
黑龙江省,绥化市,安达市,0455,151400
黑龙江省,绥化市,肇东市,0455,151100
黑龙江省,绥化市,海伦市,0455,152300
黑龙江省,绥化市,望奎县,0455,152100
黑龙江省,绥化市,兰西县,0455,151500
黑龙江省,绥化市,青冈县,0455,151600
黑龙江省,绥化市,庆安县,0455,152400
黑龙江省,绥化市,明水县,0455,151700
黑龙江省,绥化市,绥棱县,0455,152200
黑龙江省,大兴安岭地区,,0457,165000
黑龙江省,大兴安岭地区,漠河市,0457,165399
黑龙江省,大兴安岭地区,呼玛县,0457,165100
黑龙江省,大兴安岭地区,塔河县,0457,165200
上海市,上海市,,021,
上海市,上海市,黄浦区,021,200001
上海市,上海市,徐汇区,021,200030
上海市,上海市,长宁区,021,200050
上海市,上海市,静安区,021,200040
上海市,上海市,普陀区,021,200333
上海市,上海市,虹口区,021,200086
上海市,上海市,杨浦区,021,200082
上海市,上海市,闵行区,021,201100
上海市,上海市,宝山区,021,201900
上海市,上海市,嘉定区,021,201800
上海市,上海市,浦东新区,021,200135
上海市,上海市,金山区,021,200540
上海市,上海市,松江区,021,201600
上海市,上海市,青浦区,021,201700
上海市,上海市,奉贤区,021,201400
上海市,上海市,崇明区,021,202150
江苏省,南京市,,025,210008
江苏省,南京市,玄武区,025,210018
江苏省,南京市,秦淮区,025,210001
江苏省,南京市,建邺区,025,210004
江苏省,南京市,鼓楼区,025,210009
江苏省,南京市,浦口区,025,211800
江苏省,南京市,栖霞区,025,210046
江苏省,南京市,雨花台区,025,210012
江苏省,南京市,江宁区,025,211100
江苏省,南京市,六合区,025,211500
江苏省,南京市,溧水区,025,211200
江苏省,南京市,高淳区,025,211300
江苏省,无锡市,,0510,214000
江苏省,无锡市,梁溪区,0510,214001
江苏省,无锡市,锡山区,0510,214101
江苏省,无锡市,惠山区,0510,214174
江苏省,无锡市,滨湖区,0510,214123
江苏省,无锡市,新吴区,0510,214135
江苏省,无锡市,江阴市,0510,214431
江苏省,无锡市,宜兴市,0510,214200
江苏省,徐州市,,0516,221003
江苏省,徐州市,云龙区,0516,221007
江苏省,徐州市,鼓楼区,0516,221005
江苏省,徐州市,贾汪区,0516,221003
江苏省,徐州市,泉山区,0516,221006
江苏省,徐州市,铜山区,0516,221106
江苏省,徐州市,新沂市,0516,221400
江苏省,徐州市,邳州市,0516,221300
江苏省,徐州市,丰县,0516,221700
江苏省,徐州市,沛县,0516,221600
江苏省,徐州市,睢宁县,0516,221200
江苏省,常州市,,0519,213003
江苏省,常州市,新北区,0519,213022
江苏省,常州市,天宁区,0519,213000
江苏省,常州市,钟楼区,0519,213023
江苏省,常州市,武进区,0519,213159
江苏省,常州市,金坛区,0519,213200
江苏省,常州市,溧阳市,0519,213300
江苏省,苏州市,,0512,215002
江苏省,苏州市,姑苏区,0512,215031
江苏省,苏州市,虎丘区,0512,215004
江苏省,苏州市,吴中区,0512,215128
江苏省,苏州市,相城区,0512,215131
江苏省,苏州市,吴江区,0512,215200
江苏省,苏州市,常熟市,0512,215500
江苏省,苏州市,张家港市,0512,215600
江苏省,苏州市,昆山市,0512,215300
江苏省,苏州市,太仓市,0512,215400
江苏省,南通市,,0513,226001
江苏省,南通市,崇川区,0513,226001
江苏省,南通市,港闸区,0513,226001
江苏省,南通市,通州区,0513,226300
江苏省,南通市,启东市,0513,226200
江苏省,南通市,如皋市,0513,226500
江苏省,南通市,海门市,0513,226100
江苏省,南通市,海安市,0513,226600
江苏省,南通市,如东县,0513,226400
江苏省,连云港市,,0518,222002
江苏省,连云港市,海州区,0518,222003
江苏省,连云港市,连云区,0518,222042
江苏省,连云港市,赣榆区,0518,222100
江苏省,连云港市,东海县,0518,222300
江苏省,连云港市,灌云县,0518,222200
江苏省,连云港市,灌南县,0518,222500
江苏省,淮安市,,0517,223001
江苏省,淮安市,淮安区,0517,223200
江苏省,淮安市,淮阴区,0517,223300
江苏省,淮安市,清江浦区,0517,223002
江苏省,淮安市,洪泽区,0517,223100
江苏省,淮安市,涟水县,0517,223400
江苏省,淮安市,盱眙县,0517,211700
江苏省,淮安市,金湖县,0517,211600
江苏省,盐城市,,0515,224005
江苏省,盐城市,亭湖区,0515,224005
江苏省,盐城市,盐都区,0515,224055
江苏省,盐城市,大丰区,0515,224100
江苏省,盐城市,东台市,0515,224200
江苏省,盐城市,响水县,0515,224600
江苏省,盐城市,滨海县,0515,224500
江苏省,盐城市,阜宁县,0515,224400
江苏省,盐城市,射阳县,0515,224300
江苏省,盐城市,建湖县,0515,224700
江苏省,扬州市,,0514,225002
江苏省,扬州市,邗江区,0514,225002
江苏省,扬州市,广陵区,0514,225002
江苏省,扬州市,江都区,0514,225200
江苏省,扬州市,仪征市,0514,211400
江苏省,扬州市,高邮市,0514,225600
江苏省,扬州市,宝应县,0514,225800
江苏省,镇江市,,0511,212004
江苏省,镇江市,京口区,0511,212003
江苏省,镇江市,润州区,0511,212005
江苏省,镇江市,丹徒区,0511,212028
江苏省,镇江市,丹阳市,0511,212300
江苏省,镇江市,扬中市,0511,212200
江苏省,镇江市,句容市,0511,212400
江苏省,泰州市,,0523,225300
江苏省,泰州市,海陵区,0523,225300
江苏省,泰州市,高港区,0523,225321
江苏省,泰州市,姜堰区,0523,225500
江苏省,泰州市,兴化市,0523,225700
江苏省,泰州市,靖江市,0523,214500
江苏省,泰州市,泰兴市,0523,225400
江苏省,宿迁市,,0527,223800
江苏省,宿迁市,宿城区,0527,223800
江苏省,宿迁市,宿豫区,0527,223800
江苏省,宿迁市,沭阳县,0527,223600
江苏省,宿迁市,泗阳县,0527,223700
江苏省,宿迁市,泗洪县,0527,223900
浙江省,杭州市,,0571,310026
浙江省,杭州市,拱墅区,0571,310011
浙江省,杭州市,上城区,0571,310002
浙江省,杭州市,下城区,0571,310006
浙江省,杭州市,江干区,0571,310016
浙江省,杭州市,西湖区,0571,310013
浙江省,杭州市,滨江区,0571,310051
浙江省,杭州市,萧山区,0571,311200
浙江省,杭州市,余杭区,0571,311100
浙江省,杭州市,富阳区,0571,311400
浙江省,杭州市,临安区,0571,311300
浙江省,杭州市,建德市,0571,311600
浙江省,杭州市,桐庐县,0571,311500
浙江省,杭州市,淳安县,0571,311700
浙江省,宁波市,,0574,315000
浙江省,宁波市,海曙区,0574,315000
浙江省,宁波市,江北区,0574,315020
浙江省,宁波市,北仑区,0574,315800
浙江省,宁波市,镇海区,0574,315200
浙江省,宁波市,鄞州区,0574,315100
浙江省,宁波市,奉化区,0574,315500
浙江省,宁波市,余姚市,0574,315400
浙江省,宁波市,慈溪市,0574,315300
浙江省,宁波市,象山县,0574,315700
浙江省,宁波市,宁海县,0574,315600
浙江省,温州市,,0577,325000
浙江省,温州市,鹿城区,0577,325000
浙江省,温州市,龙湾区,0577,325013
浙江省,温州市,瓯海区,0577,325005
浙江省,温州市,洞头区,0577,325700
浙江省,温州市,瑞安市,0577,325200
浙江省,温州市,乐清市,0577,325600
浙江省,温州市,龙港市,0577,325802
浙江省,温州市,永嘉县,0577,325100
浙江省,温州市,平阳县,0577,325400
浙江省,温州市,苍南县,0577,325800
浙江省,温州市,文成县,0577,325300
浙江省,温州市,泰顺县,0577,325500
浙江省,嘉兴市,,0573,314000
浙江省,嘉兴市,南湖区,0573,314051
浙江省,嘉兴市,秀洲区,0573,314031
浙江省,嘉兴市,海宁市,0573,314400
浙江省,嘉兴市,平湖市,0573,314200
浙江省,嘉兴市,桐乡市,0573,314500
浙江省,嘉兴市,嘉善县,0573,314100
浙江省,嘉兴市,海盐县,0573,314300
浙江省,湖州市,,0572,313000
浙江省,湖州市,吴兴区,0572,313000
浙江省,湖州市,南浔区,0572,313009
浙江省,湖州市,德清县,0572,313200
浙江省,湖州市,长兴县,0572,313100
浙江省,湖州市,安吉县,0572,313300
浙江省,绍兴市,,0575,312000
浙江省,绍兴市,越城区,0575,312000
浙江省,绍兴市,柯桥区,0575,312030
浙江省,绍兴市,上虞区,0575,312300
浙江省,绍兴市,诸暨市,0575,311800
浙江省,绍兴市,嵊州市,0575,312400
浙江省,绍兴市,新昌县,0575,312500
浙江省,金华市,,0579,321000
浙江省,金华市,婺城区,0579,321000
浙江省,金华市,金东区,0579,321000
浙江省,金华市,兰溪市,0579,321100
浙江省,金华市,义乌市,0579,322000
浙江省,金华市,东阳市,0579,322100
浙江省,金华市,永康市,0579,321300
浙江省,金华市,武义县,0579,321200
浙江省,金华市,浦江县,0579,322200
浙江省,金华市,磐安县,0579,322300
浙江省,衢州市,,0570,324002
浙江省,衢州市,柯城区,0570,324100
浙江省,衢州市,衢江区,0570,324022
浙江省,衢州市,江山市,0570,324100
浙江省,衢州市,常山县,0570,324200
浙江省,衢州市,开化县,0570,324300
浙江省,衢州市,龙游县,0570,324400
浙江省,舟山市,,0580,316000
浙江省,舟山市,定海区,0580,316000
浙江省,舟山市,普陀区,0580,316100
浙江省,舟山市,岱山县,0580,316200
浙江省,舟山市,嵊泗县,0580,202450
浙江省,台州市,,0576,318000
浙江省,台州市,椒江区,0576,318000
浙江省,台州市,黄岩区,0576,318020
浙江省,台州市,路桥区,0576,318050
浙江省,台州市,温岭市,0576,317500
浙江省,台州市,临海市,0576,317000
浙江省,台州市,玉环市,0576,317600
浙江省,台州市,三门县,0576,317100
浙江省,台州市,天台县,0576,317200
浙江省,台州市,仙居县,0576,317300
浙江省,丽水市,,0578,323000
浙江省,丽水市,莲都区,0578,323000
浙江省,丽水市,龙泉市,0578,323700
浙江省,丽水市,青田县,0578,323900
浙江省,丽水市,缙云县,0578,321400
浙江省,丽水市,遂昌县,0578,323300
浙江省,丽水市,松阳县,0578,323400
浙江省,丽水市,云和县,0578,323600
浙江省,丽水市,庆元县,0578,323800
浙江省,丽水市,景宁畲族自治县,0578,323500
安徽省,合肥市,,0551,230001
安徽省,合肥市,蜀山区,0551,230031
安徽省,合肥市,瑶海区,0551,230011
安徽省,合肥市,庐阳区,0551,230001
安徽省,合肥市,包河区,0551,230041
安徽省,合肥市,巢湖市,0565,238000
安徽省,合肥市,长丰县,0551,231100
安徽省,合肥市,肥东县,0551,231600
安徽省,合肥市,肥西县,0551,231200
安徽省,合肥市,庐江县,0551,231500
安徽省,芜湖市,,0553,241000
安徽省,芜湖市,鸠江区,0553,241000
安徽省,芜湖市,镜湖区,0553,241000
安徽省,芜湖市,弋江区,0553,241000
安徽省,芜湖市,三山区,0553,241000
安徽省,芜湖市,无为市,0553,238300
安徽省,芜湖市,芜湖县,0553,241100
安徽省,芜湖市,繁昌县,0553,241200
安徽省,芜湖市,南陵县,0553,242400
安徽省,蚌埠市,,0552,233000
安徽省,蚌埠市,蚌山区,0552,233000
安徽省,蚌埠市,龙子湖区,0552,233000
安徽省,蚌埠市,禹会区,0552,233010
安徽省,蚌埠市,淮上区,0552,233002
安徽省,蚌埠市,怀远县,0552,233400
安徽省,蚌埠市,五河县,0552,233300
安徽省,蚌埠市,固镇县,0552,233700
安徽省,淮南市,,0554,232001
安徽省,淮南市,田家庵区,0554,232000
安徽省,淮南市,大通区,0554,232033
安徽省,淮南市,谢家集区,0554,232052
安徽省,淮南市,八公山区,0554,232072
安徽省,淮南市,潘集区,0554,232082
安徽省,淮南市,凤台县,0554,232100
安徽省,淮南市,寿县,0554,232200
安徽省,马鞍山市,,0555,243001
安徽省,马鞍山市,雨山区,0555,243071
安徽省,马鞍山市,花山区,0555,243000
安徽省,马鞍山市,博望区,0555,243131
安徽省,马鞍山市,当涂县,0555,243100
安徽省,马鞍山市,含山县,0555,238100
安徽省,马鞍山市,和县,0555,238200
安徽省,淮北市,,0561,235000
安徽省,淮北市,相山区,0561,235000
安徽省,淮北市,杜集区,0561,235000
安徽省,淮北市,烈山区,0561,235000
安徽省,淮北市,濉溪县,0561,235100
安徽省,铜陵市,,0562,244000
安徽省,铜陵市,铜官区,0562,244000
安徽省,铜陵市,义安区,0562,244100
安徽省,铜陵市,郊区,0562,244000
安徽省,铜陵市,枞阳县,0562,246700
安徽省,安庆市,,0556,246001
安徽省,安庆市,大观区,0556,246002
安徽省,安庆市,迎江区,0556,246001
安徽省,安庆市,宜秀区,0556,246003
安徽省,安庆市,桐城市,0556,231400
安徽省,安庆市,潜山市,0556,246300
安徽省,安庆市,怀宁县,0556,246100
安徽省,安庆市,太湖县,0556,246400
安徽省,安庆市,宿松县,0556,246500
安徽省,安庆市,望江县,0556,246200
安徽省,安庆市,岳西县,0556,246600
安徽省,黄山市,,0559,245000
安徽省,黄山市,屯溪区,0559,245000
安徽省,黄山市,黄山区,0559,242700
安徽省,黄山市,徽州区,0559,245061
安徽省,黄山市,歙县,0559,245200
安徽省,黄山市,休宁县,0559,245400
安徽省,黄山市,黟县,0559,245500
安徽省,黄山市,祁门县,0559,245600
安徽省,滁州市,,0550,239000
安徽省,滁州市,琅琊区,0550,239000
安徽省,滁州市,南谯区,0550,239000
安徽省,滁州市,天长市,0550,239300
安徽省,滁州市,明光市,0550,239400
安徽省,滁州市,来安县,0550,239200
安徽省,滁州市,全椒县,0550,239500
安徽省,滁州市,定远县,0550,233200
安徽省,滁州市,凤阳县,0550,233100
安徽省,阜阳市,,0558,236033
安徽省,阜阳市,颍州区,0558,236001
安徽省,阜阳市,颍东区,0558,236058
安徽省,阜阳市,颍泉区,0558,236045
安徽省,阜阳市,界首市,0558,236500
安徽省,阜阳市,临泉县,0558,236400
安徽省,阜阳市,太和县,0558,236600
安徽省,阜阳市,阜南县,0558,236300
安徽省,阜阳市,颍上县,0558,236200
安徽省,宿州市,,0557,234000
安徽省,宿州市,埇桥区,0557,234000
安徽省,宿州市,砀山县,0557,235300
安徽省,宿州市,萧县,0557,235200
安徽省,宿州市,灵璧县,0557,234200
安徽省,宿州市,泗县,0557,234300
安徽省,六安市,,0564,237000
安徽省,六安市,金安区,0564,237005
安徽省,六安市,裕安区,0564,237010
安徽省,六安市,叶集区,0564,237431
安徽省,六安市,霍邱县,0564,237400
安徽省,六安市,舒城县,0564,231300
安徽省,六安市,金寨县,0564,237300
安徽省,六安市,霍山县,0564,237200
安徽省,亳州市,,0558,236802
安徽省,亳州市,谯城区,0558,236800
安徽省,亳州市,涡阳县,0558,233600
安徽省,亳州市,蒙城县,0558,233500
安徽省,亳州市,利辛县,0558,236700
安徽省,池州市,,0566,247100
安徽省,池州市,贵池区,0566,247100
安徽省,池州市,东至县,0566,247200
安徽省,池州市,石台县,0566,245100
安徽省,池州市,青阳县,0566,242800
安徽省,宣城市,,0563,242000
安徽省,宣城市,宣州区,0563,242000
安徽省,宣城市,宁国市,0563,242300
安徽省,宣城市,广德市,0563,242200
安徽省,宣城市,郎溪县,0563,242100
安徽省,宣城市,泾县,0563,242500
安徽省,宣城市,绩溪县,0563,245300
安徽省,宣城市,旌德县,0563,242600
福建省,福州市,,0591,350001
福建省,福州市,鼓楼区,0591,350001
福建省,福州市,台江区,0591,350004
福建省,福州市,仓山区,0591,350007
福建省,福州市,马尾区,0591,350015
福建省,福州市,晋安区,0591,350011
福建省,福州市,长乐区,0591,350200
福建省,福州市,福清市,0591,350300
福建省,福州市,闽侯县,0591,350100
福建省,福州市,连江县,0591,350500
福建省,福州市,罗源县,0591,350600
福建省,福州市,闽清县,0591,350800
福建省,福州市,永泰县,0591,350700
福建省,福州市,平潭县,0591,350400
福建省,厦门市,,0592,361003
福建省,厦门市,思明区,0592,361001
福建省,厦门市,海沧区,0592,361026
福建省,厦门市,湖里区,0592,361006
福建省,厦门市,集美区,0592,361021
福建省,厦门市,同安区,0592,361100
福建省,厦门市,翔安区,0592,361101
福建省,莆田市,,0594,351100
福建省,莆田市,城厢区,0594,351100
福建省,莆田市,涵江区,0594,351111
福建省,莆田市,荔城区,0594,351100
福建省,莆田市,秀屿区,0594,351152
福建省,莆田市,仙游县,0594,351200
福建省,三明市,,0598,365000
福建省,三明市,梅列区,0598,365000
福建省,三明市,三元区,0598,365001
福建省,三明市,永安市,0598,366000
福建省,三明市,明溪县,0598,365200
福建省,三明市,清流县,0598,365300
福建省,三明市,宁化县,0598,365400
福建省,三明市,大田县,0598,366100
福建省,三明市,尤溪县,0598,365100
福建省,三明市,沙县,0598,365500
福建省,三明市,将乐县,0598,353300
福建省,三明市,泰宁县,0598,354400
福建省,三明市,建宁县,0598,354500
福建省,泉州市,,0595,362000
福建省,泉州市,丰泽区,0595,362000
福建省,泉州市,鲤城区,0595,362000
福建省,泉州市,洛江区,0595,362011
福建省,泉州市,泉港区,0595,362114
福建省,泉州市,石狮市,0595,362700
福建省,泉州市,晋江市,0595,362200
福建省,泉州市,南安市,0595,362300
福建省,泉州市,惠安县,0595,362100
福建省,泉州市,安溪县,0595,362400
福建省,泉州市,永春县,0595,362600
福建省,泉州市,德化县,0595,362500
福建省,漳州市,,0596,363005
福建省,漳州市,龙文区,0596,363005
福建省,漳州市,芗城区,0596,363000
福建省,漳州市,龙海市,0596,363100
福建省,漳州市,云霄县,0596,363300
福建省,漳州市,漳浦县,0596,363200
福建省,漳州市,诏安县,0596,363500
福建省,漳州市,长泰县,0596,363900
福建省,漳州市,东山县,0596,363400
福建省,漳州市,南靖县,0596,363600
福建省,漳州市,平和县,0596,363700
福建省,漳州市,华安县,0596,363800
福建省,南平市,,0599,353000
福建省,南平市,建阳区,0599,354200
福建省,南平市,延平区,0599,353000
福建省,南平市,邵武市,0599,354000
福建省,南平市,武夷山市,0599,354300
福建省,南平市,建瓯市,0599,353100
福建省,南平市,顺昌县,0599,353200
福建省,南平市,浦城县,0599,353400
福建省,南平市,光泽县,0599,354100
福建省,南平市,松溪县,0599,353500
福建省,南平市,政和县,0599,353600
福建省,龙岩市,,0597,364000
福建省,龙岩市,新罗区,0597,364000
福建省,龙岩市,永定区,0597,364100
福建省,龙岩市,漳平市,0597,364400
福建省,龙岩市,长汀县,0597,366300
福建省,龙岩市,上杭县,0597,364200
福建省,龙岩市,武平县,0597,364300
福建省,龙岩市,连城县,0597,366200
福建省,宁德市,,0593,352100
福建省,宁德市,蕉城区,0593,352100
福建省,宁德市,福安市,0593,355000
福建省,宁德市,福鼎市,0593,355200
福建省,宁德市,霞浦县,0593,355100
福建省,宁德市,古田县,0593,352200
福建省,宁德市,屏南县,0593,352300
福建省,宁德市,寿宁县,0593,355500
福建省,宁德市,周宁县,0593,355400
福建省,宁德市,柘荣县,0593,355300
江西省,南昌市,,0791,330008
江西省,南昌市,东湖区,0791,330006
江西省,南昌市,西湖区,0791,330009
江西省,南昌市,青云谱区,0791,330001
江西省,南昌市,青山湖区,0791,330029
江西省,南昌市,新建区,0791,330100
江西省,南昌市,红谷滩区,0791,330038
江西省,南昌市,南昌县,0791,330200
江西省,南昌市,安义县,0791,330500
江西省,南昌市,进贤县,0791,331700
江西省,景德镇市,,0798,333000
江西省,景德镇市,昌江区,0798,333000
江西省,景德镇市,珠山区,0798,333000
江西省,景德镇市,乐平市,0798,333300
江西省,景德镇市,浮梁县,0798,333400
江西省,萍乡市,,0799,337000
江西省,萍乡市,安源区,0799,337000
江西省,萍乡市,湘东区,0799,337016
江西省,萍乡市,莲花县,0799,337100
江西省,萍乡市,上栗县,0799,337009
江西省,萍乡市,芦溪县,0799,337053
江西省,九江市,,0792,332000
江西省,九江市,浔阳区,0792,332000
江西省,九江市,濂溪区,0792,332005
江西省,九江市,柴桑区,0792,332100
江西省,九江市,瑞昌市,0792,332200
江西省,九江市,共青城市,0792,332020
江西省,九江市,庐山市,0792,332800
江西省,九江市,武宁县,0792,332300
江西省,九江市,修水县,0792,332400
江西省,九江市,永修县,0792,330300
江西省,九江市,德安县,0792,330400
江西省,九江市,都昌县,0792,332600
江西省,九江市,湖口县,0792,332500
江西省,九江市,彭泽县,0792,332700
江西省,新余市,,0790,338025
江西省,新余市,渝水区,0790,338000
江西省,新余市,分宜县,0790,336600
江西省,鹰潭市,,0701,335000
江西省,鹰潭市,月湖区,0701,335000
江西省,鹰潭市,余江区,0701,335200
江西省,鹰潭市,贵溪市,0701,335400
江西省,赣州市,,0797,341000
江西省,赣州市,章贡区,0797,341000
江西省,赣州市,南康区,0797,341400
江西省,赣州市,赣县区,0797,341100
江西省,赣州市,瑞金市,0797,342500
江西省,赣州市,信丰县,0797,341600
江西省,赣州市,大余县,0797,341500
江西省,赣州市,上犹县,0797,341200
江西省,赣州市,崇义县,0797,341300
江西省,赣州市,安远县,0797,342100
江西省,赣州市,龙南县,0797,341700
江西省,赣州市,定南县,0797,341900
江西省,赣州市,全南县,0797,341800
江西省,赣州市,宁都县,0797,342800
江西省,赣州市,于都县,0797,342300
江西省,赣州市,兴国县,0797,342400
江西省,赣州市,会昌县,0797,342600
江西省,赣州市,寻乌县,0797,342200
江西省,赣州市,石城县,0797,342700
江西省,吉安市,,0796,343000
江西省,吉安市,吉州区,0796,343000
江西省,吉安市,青原区,0796,343009
江西省,吉安市,井冈山市,0796,343600
江西省,吉安市,吉安县,0796,343100
江西省,吉安市,吉水县,0796,331600
江西省,吉安市,峡江县,0796,331409
江西省,吉安市,新干县,0796,331300
江西省,吉安市,永丰县,0796,331500
江西省,吉安市,泰和县,0796,343700
江西省,吉安市,遂川县,0796,343900
江西省,吉安市,万安县,0796,343800
江西省,吉安市,安福县,0796,343200
江西省,吉安市,永新县,0796,343400
江西省,宜春市,,0795,336000
江西省,宜春市,袁州区,0795,336000
江西省,宜春市,丰城市,0795,331100
江西省,宜春市,樟树市,0795,331200
江西省,宜春市,高安市,0795,330800
江西省,宜春市,奉新县,0795,330700
江西省,宜春市,万载县,0795,336100
江西省,宜春市,上高县,0795,336400
江西省,宜春市,宜丰县,0795,336300
江西省,宜春市,靖安县,0795,330600
江西省,宜春市,铜鼓县,0795,336200
江西省,抚州市,,0794,344000
江西省,抚州市,临川区,0794,344000
江西省,抚州市,东乡区,0794,331800
江西省,抚州市,南城县,0794,344700
江西省,抚州市,黎川县,0794,344600
江西省,抚州市,南丰县,0794,344500
江西省,抚州市,崇仁县,0794,344200
江西省,抚州市,乐安县,0794,344300
江西省,抚州市,宜黄县,0794,344400
江西省,抚州市,金溪县,0794,344800
江西省,抚州市,资溪县,0794,335300
江西省,抚州市,广昌县,0794,344900
江西省,上饶市,,0793,334000
江西省,上饶市,信州区,0793,334000
江西省,上饶市,广丰区,0793,334600
江西省,上饶市,广信区,0793,334100
江西省,上饶市,德兴市,0793,334200
江西省,上饶市,玉山县,0793,334700
江西省,上饶市,铅山县,0793,334500
江西省,上饶市,横峰县,0793,334300
江西省,上饶市,弋阳县,0793,334400
江西省,上饶市,余干县,0793,335100
江西省,上饶市,鄱阳县,0793,333100
江西省,上饶市,万年县,0793,335500
江西省,上饶市,婺源县,0793,333200
山东省,济南市,,0531,250000
山东省,济南市,市中区,0531,250002
山东省,济南市,历下区,0531,250013
山东省,济南市,槐荫区,0531,250021
山东省,济南市,天桥区,0531,250031
山东省,济南市,历城区,0531,250100
山东省,济南市,长清区,0531,250300
山东省,济南市,章丘区,0531,250200
山东省,济南市,济阳区,0531,251400
山东省,济南市,莱芜区,0634,271199
山东省,济南市,钢城区,0634,271104
山东省,济南市,平阴县,0531,250400
山东省,济南市,商河县,0531,251600
山东省,青岛市,,0532,266001
山东省,青岛市,市南区,0532,266001
山东省,青岛市,市北区,0532,266011
山东省,青岛市,黄岛区,0532,266500
山东省,青岛市,崂山区,0532,266100
山东省,青岛市,李沧区,0532,266021
山东省,青岛市,城阳区,0532,266041
山东省,青岛市,即墨区,0532,266200
山东省,青岛市,胶州市,0532,266300
山东省,青岛市,平度市,0532,266700
山东省,青岛市,莱西市,0532,266600
山东省,淄博市,,0533,255039
山东省,淄博市,张店区,0533,255022
山东省,淄博市,淄川区,0533,255100
山东省,淄博市,博山区,0533,255200
山东省,淄博市,临淄区,0533,255400
山东省,淄博市,周村区,0533,255300
山东省,淄博市,桓台县,0533,256400
山东省,淄博市,高青县,0533,256300
山东省,淄博市,沂源县,0533,256100
山东省,枣庄市,,0632,277101
山东省,枣庄市,薛城区,0632,277000
山东省,枣庄市,市中区,0632,277101
山东省,枣庄市,峄城区,0632,277300
山东省,枣庄市,台儿庄区,0632,277400
山东省,枣庄市,山亭区,0632,277200
山东省,枣庄市,滕州市,0632,277500
山东省,东营市,,0546,257093
山东省,东营市,东营区,0546,257029
山东省,东营市,河口区,0546,257200
山东省,东营市,垦利区,0546,257500
山东省,东营市,利津县,0546,257400
山东省,东营市,广饶县,0546,257300
山东省,烟台市,,0535,264010
山东省,烟台市,莱山区,0535,264600
山东省,烟台市,芝罘区,0535,264001
山东省,烟台市,福山区,0535,265500
山东省,烟台市,牟平区,0535,264100
山东省,烟台市,龙口市,0535,265700
山东省,烟台市,莱阳市,0535,265200
山东省,烟台市,莱州市,0535,261400
山东省,烟台市,蓬莱市,0535,265600
山东省,烟台市,招远市,0535,265400
山东省,烟台市,栖霞市,0535,265300
山东省,烟台市,海阳市,0535,265100
山东省,烟台市,长岛县,0535,265800
山东省,潍坊市,,0536,261041
山东省,潍坊市,奎文区,0536,261031
山东省,潍坊市,潍城区,0536,261021
山东省,潍坊市,寒亭区,0536,261100
山东省,潍坊市,坊子区,0536,261200
山东省,潍坊市,青州市,0536,262500
山东省,潍坊市,诸城市,0536,262200
山东省,潍坊市,寿光市,0536,262700
山东省,潍坊市,安丘市,0536,262100
山东省,潍坊市,高密市,0536,261500
山东省,潍坊市,昌邑市,0536,261300
山东省,潍坊市,临朐县,0536,262600
山东省,潍坊市,昌乐县,0536,262400
山东省,济宁市,,0537,272119
山东省,济宁市,任城区,0537,272113
山东省,济宁市,兖州区,0537,272000
山东省,济宁市,曲阜市,0537,273100
山东省,济宁市,邹城市,0537,273500
山东省,济宁市,微山县,0537,277600
山东省,济宁市,鱼台县,0537,272300
山东省,济宁市,金乡县,0537,272200
山东省,济宁市,嘉祥县,0537,272400
山东省,济宁市,汶上县,0537,272501
山东省,济宁市,泗水县,0537,273200
山东省,济宁市,梁山县,0537,272600
山东省,泰安市,,0538,271000
山东省,泰安市,泰山区,0538,271000
山东省,泰安市,岱岳区,0538,271000
山东省,泰安市,新泰市,0538,271200
山东省,泰安市,肥城市,0538,271600
山东省,泰安市,宁阳县,0538,271400
山东省,泰安市,东平县,0538,271500
山东省,威海市,,0631,264200
山东省,威海市,环翠区,0631,264200
山东省,威海市,文登区,0631,264440
山东省,威海市,荣成市,0631,264300
山东省,威海市,乳山市,0631,264500
山东省,日照市,,0633,276800
山东省,日照市,东港区,0633,276800
山东省,日照市,岚山区,0633,276808
山东省,日照市,五莲县,0633,262300
山东省,日照市,莒县,0633,276500
山东省,临沂市,,0539,276000
山东省,临沂市,兰山区,0539,276002
山东省,临沂市,罗庄区,0539,276022
山东省,临沂市,河东区,0539,276034
山东省,临沂市,沂南县,0539,276300
山东省,临沂市,郯城县,0539,276100
山东省,临沂市,沂水县,0539,276400
山东省,临沂市,兰陵县,0539,277700
山东省,临沂市,费县,0539,273400
山东省,临沂市,平邑县,0539,273300
山东省,临沂市,莒南县,0539,276600
山东省,临沂市,蒙阴县,0539,276200
山东省,临沂市,临沭县,0539,276700
山东省,德州市,,0534,253000
山东省,德州市,德城区,0534,253012
山东省,德州市,陵城区,0534,253500
山东省,德州市,乐陵市,0534,253600
山东省,德州市,禹城市,0534,251200
山东省,德州市,宁津县,0534,253400
山东省,德州市,庆云县,0534,253700
山东省,德州市,临邑县,0534,251500
山东省,德州市,齐河县,0534,251100
山东省,德州市,平原县,0534,253100
山东省,德州市,夏津县,0534,253200
山东省,德州市,武城县,0534,253300
山东省,聊城市,,0635,252052
山东省,聊城市,东昌府区,0635,252000
山东省,聊城市,茌平区,0635,252100
山东省,聊城市,临清市,0635,252600
山东省,聊城市,阳谷县,0635,252300
山东省,聊城市,莘县,0635,252400
山东省,聊城市,东阿县,0635,252200
山东省,聊城市,冠县,0635,252500
山东省,聊城市,高唐县,0635,252800
山东省,滨州市,,0543,256619
山东省,滨州市,滨城区,0543,256613
山东省,滨州市,沾化区,0543,256800
山东省,滨州市,邹平市,0543,256200
山东省,滨州市,惠民县,0543,251700
山东省,滨州市,阳信县,0543,251800
山东省,滨州市,无棣县,0543,251900
山东省,滨州市,博兴县,0543,256500
山东省,菏泽市,,0530,274020
山东省,菏泽市,牡丹区,0530,274009
山东省,菏泽市,定陶区,0530,274100
山东省,菏泽市,曹县,0530,274400
山东省,菏泽市,单县,0530,273700
山东省,菏泽市,成武县,0530,274200
山东省,菏泽市,巨野县,0530,274900
山东省,菏泽市,郓城县,0530,274700
山东省,菏泽市,鄄城县,0530,274600
山东省,菏泽市,东明县,0530,274500
河南省,郑州市,,0371,450000
河南省,郑州市,中原区,0371,450007
河南省,郑州市,二七区,0371,450052
河南省,郑州市,管城回族区,0371,450000
河南省,郑州市,金水区,0371,450003
河南省,郑州市,上街区,0371,450041
河南省,郑州市,惠济区,0371,450053
河南省,郑州市,巩义市,0371,451200
河南省,郑州市,荥阳市,0371,450100
河南省,郑州市,新密市,0371,452300
河南省,郑州市,新郑市,0371,451100
河南省,郑州市,登封市,0371,452470
河南省,郑州市,中牟县,0371,451450
河南省,开封市,,0371,475001
河南省,开封市,鼓楼区,0371,475000
河南省,开封市,龙亭区,0371,475100
河南省,开封市,顺河回族区,0371,475000
河南省,开封市,禹王台区,0371,475003
河南省,开封市,祥符区,0371,475100
河南省,开封市,杞县,0371,475200
河南省,开封市,通许县,0371,475400
河南省,开封市,尉氏县,0371,475500
河南省,开封市,兰考县,0371,475300
河南省,洛阳市,,0379,471000
河南省,洛阳市,西工区,0379,471000
河南省,洛阳市,老城区,0379,471002
河南省,洛阳市,瀍河回族区,0379,471002
河南省,洛阳市,涧西区,0379,471003
河南省,洛阳市,吉利区,0379,471012
河南省,洛阳市,洛龙区,0379,471000
河南省,洛阳市,偃师市,0379,471900
河南省,洛阳市,孟津县,0379,471100
河南省,洛阳市,新安县,0379,471800
河南省,洛阳市,栾川县,0379,471500
河南省,洛阳市,嵩县,0379,471400
河南省,洛阳市,汝阳县,0379,471200
河南省,洛阳市,宜阳县,0379,471600
河南省,洛阳市,洛宁县,0379,471700
河南省,洛阳市,伊川县,0379,471300
河南省,平顶山市,,0375,467000
河南省,平顶山市,新华区,0375,467002
河南省,平顶山市,卫东区,0375,467021
河南省,平顶山市,石龙区,0375,467045
河南省,平顶山市,湛河区,0375,467000
河南省,平顶山市,舞钢市,0375,462500
河南省,平顶山市,汝州市,0375,467500
河南省,平顶山市,宝丰县,0375,467400
河南省,平顶山市,叶县,0375,467200
河南省,平顶山市,鲁山县,0375,467300
河南省,平顶山市,郏县,0375,467100
河南省,安阳市,,0372,455000
河南省,安阳市,北关区,0372,455001
河南省,安阳市,文峰区,0372,455000
河南省,安阳市,殷都区,0372,455004
河南省,安阳市,龙安区,0372,455001
河南省,安阳市,林州市,0372,456550
河南省,安阳市,安阳县,0372,455000
河南省,安阳市,汤阴县,0372,456150
河南省,安阳市,滑县,0372,456400
河南省,安阳市,内黄县,0372,456350
河南省,鹤壁市,,0392,458030
河南省,鹤壁市,淇滨区,0392,458000
河南省,鹤壁市,鹤山区,0392,458010
河南省,鹤壁市,山城区,0392,458000
河南省,鹤壁市,浚县,0392,456250
河南省,鹤壁市,淇县,0392,456750
河南省,新乡市,,0373,453000
河南省,新乡市,卫滨区,0373,453000
河南省,新乡市,红旗区,0373,453000
河南省,新乡市,凤泉区,0373,453011
河南省,新乡市,牧野区,0373,453002
河南省,新乡市,卫辉市,0373,453100
河南省,新乡市,辉县市,0373,453600
河南省,新乡市,长垣市,0373,453400
河南省,新乡市,新乡县,0373,453700
河南省,新乡市,获嘉县,0373,453800
河南省,新乡市,原阳县,0373,453500
河南省,新乡市,延津县,0373,453200
河南省,新乡市,封丘县,0373,453300
河南省,焦作市,,0391,454002
河南省,焦作市,解放区,0391,454000
河南省,焦作市,中站区,0391,454191
河南省,焦作市,马村区,0391,454171
河南省,焦作市,山阳区,0391,454002
河南省,焦作市,沁阳市,0391,454550
河南省,焦作市,孟州市,0391,454750
河南省,焦作市,修武县,0391,454350
河南省,焦作市,博爱县,0391,454450
河南省,焦作市,武陟县,0391,454950
河南省,焦作市,温县,0391,454850
河南省,濮阳市,,0393,457000
河南省,濮阳市,华龙区,0393,457001
河南省,濮阳市,清丰县,0393,457300
河南省,濮阳市,南乐县,0393,457400
河南省,濮阳市,范县,0393,457500
河南省,濮阳市,台前县,0393,457600
河南省,濮阳市,濮阳县,0393,457100
河南省,许昌市,,0374,461000
河南省,许昌市,魏都区,0374,461000
河南省,许昌市,建安区,0374,461100
河南省,许昌市,禹州市,0374,461670
河南省,许昌市,长葛市,0374,461500
河南省,许昌市,鄢陵县,0374,461200
河南省,许昌市,襄城县,0374,461700
河南省,漯河市,,0395,462000
河南省,漯河市,郾城区,0395,462300
河南省,漯河市,源汇区,0395,462000
河南省,漯河市,召陵区,0395,462300
河南省,漯河市,舞阳县,0395,462400
河南省,漯河市,临颍县,0395,462600
河南省,三门峡市,,0398,472000
河南省,三门峡市,湖滨区,0398,472000
河南省,三门峡市,陕州区,0398,472100
河南省,三门峡市,义马市,0398,472300
河南省,三门峡市,灵宝市,0398,472500
河南省,三门峡市,渑池县,0398,472400
河南省,三门峡市,卢氏县,0398,472200
河南省,南阳市,,0377,473002
河南省,南阳市,卧龙区,0377,473003
河南省,南阳市,宛城区,0377,473001
河南省,南阳市,邓州市,0377,474150
河南省,南阳市,南召县,0377,474650
河南省,南阳市,方城县,0377,473200
河南省,南阳市,西峡县,0377,474550
河南省,南阳市,镇平县,0377,474250
河南省,南阳市,内乡县,0377,474350
河南省,南阳市,淅川县,0377,474450
河南省,南阳市,社旗县,0377,473300
河南省,南阳市,唐河县,0377,473400
河南省,南阳市,新野县,0377,473500
河南省,南阳市,桐柏县,0377,474750
河南省,商丘市,,0370,476000
河南省,商丘市,梁园区,0370,476000
河南省,商丘市,睢阳区,0370,476100
河南省,商丘市,永城市,0370,476600
河南省,商丘市,民权县,0370,476800
河南省,商丘市,睢县,0370,476900
河南省,商丘市,宁陵县,0370,476700
河南省,商丘市,柘城县,0370,476200
河南省,商丘市,虞城县,0370,476300
河南省,商丘市,夏邑县,0370,476400
河南省,信阳市,,0376,464000
河南省,信阳市,浉河区,0376,464000
河南省,信阳市,平桥区,0376,464100
河南省,信阳市,罗山县,0376,464200
河南省,信阳市,光山县,0376,465450
河南省,信阳市,新县,0376,465550
河南省,信阳市,商城县,0376,465350
河南省,信阳市,固始县,0376,465250
河南省,信阳市,潢川县,0376,465150
河南省,信阳市,淮滨县,0376,464400
河南省,信阳市,息县,0376,464300
河南省,周口市,,0394,466000
河南省,周口市,川汇区,0394,466000
河南省,周口市,淮阳区,0394,466700
河南省,周口市,项城市,0394,466200
河南省,周口市,扶沟县,0394,461300
河南省,周口市,西华县,0394,466600
河南省,周口市,商水县,0394,466100
河南省,周口市,沈丘县,0394,466300
河南省,周口市,郸城县,0394,477150
河南省,周口市,太康县,0394,461400
河南省,周口市,鹿邑县,0394,477200
河南省,驻马店市,,0396,463000
河南省,驻马店市,驿城区,0396,463000
河南省,驻马店市,西平县,0396,463900
河南省,驻马店市,上蔡县,0396,463800
河南省,驻马店市,平舆县,0396,463400
河南省,驻马店市,正阳县,0396,463600
河南省,驻马店市,确山县,0396,463200
河南省,驻马店市,泌阳县,0396,463700
河南省,驻马店市,汝南县,0396,463300
河南省,驻马店市,遂平县,0396,463100
河南省,驻马店市,新蔡县,0396,463500
河南省,省直辖县级行政单位,济源市,0391,454650
湖北省,武汉市,,027,430014
湖北省,武汉市,江岸区,027,430014
湖北省,武汉市,江汉区,027,430021
湖北省,武汉市,硚口区,027,430033
湖北省,武汉市,汉阳区,027,430050
湖北省,武汉市,武昌区,027,430061
湖北省,武汉市,青山区,027,430080
湖北省,武汉市,洪山区,027,430070
湖北省,武汉市,东西湖区,027,430040
湖北省,武汉市,汉南区,027,430090
湖北省,武汉市,蔡甸区,027,430100
湖北省,武汉市,江夏区,027,430200
湖北省,武汉市,黄陂区,027,432200
湖北省,武汉市,新洲区,027,431400
湖北省,黄石市,,0714,435003
湖北省,黄石市,下陆区,0714,435005
湖北省,黄石市,黄石港区,0714,435000
湖北省,黄石市,西塞山区,0714,435001
湖北省,黄石市,铁山区,0714,435006
湖北省,黄石市,大冶市,0714,435100
湖北省,黄石市,阳新县,0714,435200
湖北省,十堰市,,0719,442000
湖北省,十堰市,茅箭区,0719,442012
湖北省,十堰市,张湾区,0719,442001
湖北省,十堰市,郧阳区,0719,442500
湖北省,十堰市,丹江口市,0719,442700
湖北省,十堰市,郧西县,0719,442600
湖北省,十堰市,竹山县,0719,442200
湖北省,十堰市,竹溪县,0719,442300
湖北省,十堰市,房县,0719,442100
湖北省,宜昌市,,0717,443000
湖北省,宜昌市,西陵区,0717,443000
湖北省,宜昌市,伍家岗区,0717,443000
湖北省,宜昌市,点军区,0717,443004
湖北省,宜昌市,猇亭区,0717,443007
湖北省,宜昌市,夷陵区,0717,443100
湖北省,宜昌市,宜都市,0717,443300
湖北省,宜昌市,当阳市,0717,444100
湖北省,宜昌市,枝江市,0717,443200
湖北省,宜昌市,远安县,0717,444299
湖北省,宜昌市,兴山县,0717,443799
湖北省,宜昌市,秭归县,0717,443600
湖北省,宜昌市,长阳土家族自治县,0717,443500
湖北省,宜昌市,五峰土家族自治县,0717,443400
湖北省,襄阳市,,0710,441021
湖北省,襄阳市,襄城区,0710,441021
湖北省,襄阳市,樊城区,0710,441002
湖北省,襄阳市,襄州区,0710,441100
湖北省,襄阳市,老河口市,0710,441800
湖北省,襄阳市,枣阳市,0710,441200
湖北省,襄阳市,宜城市,0710,441400
湖北省,襄阳市,南漳县,0710,441500
湖北省,襄阳市,谷城县,0710,441700
湖北省,襄阳市,保康县,0710,441600
湖北省,鄂州市,,0711,436000
湖北省,鄂州市,鄂城区,0711,436099
湖北省,鄂州市,梁子湖区,0711,436060
湖北省,鄂州市,华容区,027,436030
湖北省,荆门市,,0724,448000
湖北省,荆门市,东宝区,0724,448004
湖北省,荆门市,掇刀区,0724,448124
湖北省,荆门市,钟祥市,0724,431900
湖北省,荆门市,京山市,0724,431800
湖北省,荆门市,沙洋县,0724,448200
湖北省,孝感市,,0712,432100
湖北省,孝感市,孝南区,0712,432100
湖北省,孝感市,应城市,0712,432400
湖北省,孝感市,安陆市,0712,432600
湖北省,孝感市,汉川市,0712,431600
湖北省,孝感市,孝昌县,0712,432900
湖北省,孝感市,大悟县,0712,432800
湖北省,孝感市,云梦县,0712,432500
湖北省,荆州市,,0716,434000
湖北省,荆州市,沙市区,0716,434000
湖北省,荆州市,荆州区,0716,434020
湖北省,荆州市,石首市,0716,434400
湖北省,荆州市,洪湖市,0716,433200
湖北省,荆州市,松滋市,0716,434200
湖北省,荆州市,公安县,0716,434300
湖北省,荆州市,监利县,0716,433300
湖北省,荆州市,江陵县,0716,434101
湖北省,黄冈市,,0713,438000
湖北省,黄冈市,黄州区,0713,438000
湖北省,黄冈市,麻城市,0713,438300
湖北省,黄冈市,武穴市,0713,435400
湖北省,黄冈市,团风县,0713,438800
湖北省,黄冈市,红安县,0713,438401
湖北省,黄冈市,罗田县,0713,438600
湖北省,黄冈市,英山县,0713,438700
湖北省,黄冈市,浠水县,0713,438200
湖北省,黄冈市,蕲春县,0713,435300
湖北省,黄冈市,黄梅县,0713,435500
湖北省,咸宁市,,0715,437000
湖北省,咸宁市,咸安区,0715,437000
湖北省,咸宁市,赤壁市,0715,437300
湖北省,咸宁市,嘉鱼县,0715,437200
湖北省,咸宁市,通城县,0715,437400
湖北省,咸宁市,崇阳县,0715,437500
湖北省,咸宁市,通山县,0715,437600
湖北省,随州市,,0722,441300
湖北省,随州市,曾都区,0722,441300
湖北省,随州市,广水市,0722,432700
湖北省,随州市,随县,0722,441309
湖北省,恩施土家族苗族自治州,,0718,445000
湖北省,恩施土家族苗族自治州,恩施市,0718,445000
湖北省,恩施土家族苗族自治州,利川市,0718,445400
湖北省,恩施土家族苗族自治州,建始县,0718,445300
湖北省,恩施土家族苗族自治州,巴东县,0718,444300
湖北省,恩施土家族苗族自治州,宣恩县,0718,445500
湖北省,恩施土家族苗族自治州,咸丰县,0718,445600
湖北省,恩施土家族苗族自治州,来凤县,0718,445700
湖北省,恩施土家族苗族自治州,鹤峰县,0718,445800
湖北省,省直辖县级行政单位,仙桃市,0728,433000
湖北省,省直辖县级行政单位,潜江市,0728,433199
湖北省,省直辖县级行政单位,天门市,0728,431700
湖北省,省直辖县级行政单位,神农架林区,0719,442400
湖南省,长沙市,,0731,410005
湖南省,长沙市,岳麓区,0731,410013
湖南省,长沙市,芙蓉区,0731,410011
湖南省,长沙市,天心区,0731,410004
湖南省,长沙市,开福区,0731,410008
湖南省,长沙市,雨花区,0731,410011
湖南省,长沙市,望城区,0731,410200
湖南省,长沙市,浏阳市,0731,410300
湖南省,长沙市,宁乡市,0731,410600
湖南省,长沙市,长沙县,0731,410100
湖南省,株洲市,,0731,412000
湖南省,株洲市,天元区,0731,412007
湖南省,株洲市,荷塘区,0731,412000
湖南省,株洲市,芦淞区,0731,412000
湖南省,株洲市,石峰区,0731,412005
湖南省,株洲市,渌口区,0731,412100
湖南省,株洲市,醴陵市,0731,412200
湖南省,株洲市,攸县,0731,412300
湖南省,株洲市,茶陵县,0731,412400
湖南省,株洲市,炎陵县,0731,412500
湖南省,湘潭市,,0731,411100
湖南省,湘潭市,岳塘区,0731,411101
湖南省,湘潭市,雨湖区,0731,411100
湖南省,湘潭市,湘乡市,0731,411400
湖南省,湘潭市,韶山市,0731,411300
湖南省,湘潭市,湘潭县,0731,411228
湖南省,衡阳市,,0734,421001
湖南省,衡阳市,蒸湘区,0734,421001
湖南省,衡阳市,珠晖区,0734,421002
湖南省,衡阳市,雁峰区,0734,421001
湖南省,衡阳市,石鼓区,0734,421005
湖南省,衡阳市,南岳区,0734,421900
湖南省,衡阳市,耒阳市,0734,421800
湖南省,衡阳市,常宁市,0734,421500
湖南省,衡阳市,衡阳县,0734,421200
湖南省,衡阳市,衡南县,0734,421131
湖南省,衡阳市,衡山县,0734,421300
湖南省,衡阳市,衡东县,0734,421400
湖南省,衡阳市,祁东县,0734,421600
湖南省,邵阳市,,0739,422000
湖南省,邵阳市,大祥区,0739,422000
湖南省,邵阳市,双清区,0739,422001
湖南省,邵阳市,北塔区,0739,422007
湖南省,邵阳市,武冈市,0739,422400
湖南省,邵阳市,邵东市,0739,422800
湖南省,邵阳市,新邵县,0739,422900
湖南省,邵阳市,邵阳县,0739,422100
湖南省,邵阳市,隆回县,0739,422200
湖南省,邵阳市,洞口县,0739,422300
湖南省,邵阳市,绥宁县,0739,422600
湖南省,邵阳市,新宁县,0739,422700
湖南省,邵阳市,城步苗族自治县,0739,422500
湖南省,岳阳市,,0730,414000
湖南省,岳阳市,岳阳楼区,0730,414000
湖南省,岳阳市,云溪区,0730,414009
湖南省,岳阳市,君山区,0730,414005
湖南省,岳阳市,汨罗市,0730,414400
湖南省,岳阳市,临湘市,0730,414300
湖南省,岳阳市,岳阳县,0730,414100
湖南省,岳阳市,华容县,0730,414200
湖南省,岳阳市,湘阴县,0730,414600
湖南省,岳阳市,平江县,0730,414500
湖南省,常德市,,0736,415000
湖南省,常德市,武陵区,0736,415000
湖南省,常德市,鼎城区,0736,415101
湖南省,常德市,津市市,0736,415400
湖南省,常德市,安乡县,0736,415600
湖南省,常德市,汉寿县,0736,415900
湖南省,常德市,澧县,0736,415500
湖南省,常德市,临澧县,0736,415200
湖南省,常德市,桃源县,0736,415700
湖南省,常德市,石门县,0736,415300
湖南省,张家界市,,0744,427000
湖南省,张家界市,永定区,0744,427000
湖南省,张家界市,武陵源区,0744,427400
湖南省,张家界市,慈利县,0744,427200
湖南省,张家界市,桑植县,0744,427100
湖南省,益阳市,,0737,413000
湖南省,益阳市,赫山区,0737,413002
湖南省,益阳市,资阳区,0737,413001
湖南省,益阳市,沅江市,0737,413100
湖南省,益阳市,南县,0737,413200
湖南省,益阳市,桃江县,0737,413400
湖南省,益阳市,安化县,0737,413500
湖南省,郴州市,,0735,423000
湖南省,郴州市,北湖区,0735,423000
湖南省,郴州市,苏仙区,0735,423000
湖南省,郴州市,资兴市,0735,423400
湖南省,郴州市,桂阳县,0735,424400
湖南省,郴州市,宜章县,0735,424200
湖南省,郴州市,永兴县,0735,423300
湖南省,郴州市,嘉禾县,0735,424500
湖南省,郴州市,临武县,0735,424300
湖南省,郴州市,汝城县,0735,424100
湖南省,郴州市,桂东县,0735,423500
湖南省,郴州市,安仁县,0735,423600
湖南省,永州市,,0746,425000
湖南省,永州市,冷水滩区,0746,425100
湖南省,永州市,零陵区,0746,425100
湖南省,永州市,祁阳县,0746,426100
湖南省,永州市,东安县,0746,425900
湖南省,永州市,双牌县,0746,425200
湖南省,永州市,道县,0746,425300
湖南省,永州市,江永县,0746,425400
湖南省,永州市,宁远县,0746,425600
湖南省,永州市,蓝山县,0746,425800
湖南省,永州市,新田县,0746,425700
湖南省,永州市,江华瑶族自治县,0746,425500
湖南省,怀化市,,0745,418000
湖南省,怀化市,鹤城区,0745,418000
湖南省,怀化市,洪江市,0745,418100
湖南省,怀化市,中方县,0745,418005
湖南省,怀化市,沅陵县,0745,419600
湖南省,怀化市,辰溪县,0745,419500
湖南省,怀化市,溆浦县,0745,419300
湖南省,怀化市,会同县,0745,418300
湖南省,怀化市,麻阳苗族自治县,0745,419400
湖南省,怀化市,新晃侗族自治县,0745,419200
湖南省,怀化市,芷江侗族自治县,0745,419100
湖南省,怀化市,靖州苗族侗族自治县,0745,418400
湖南省,怀化市,通道侗族自治县,0745,418500
湖南省,娄底市,,0738,417000
湖南省,娄底市,娄星区,0738,417000
湖南省,娄底市,冷水江市,0738,417500
湖南省,娄底市,涟源市,0738,417100
湖南省,娄底市,双峰县,0738,417700
湖南省,娄底市,新化县,0738,417600
湖南省,湘西土家族苗族自治州,,0743,416000
湖南省,湘西土家族苗族自治州,吉首市,0743,416000
湖南省,湘西土家族苗族自治州,泸溪县,0743,416100
湖南省,湘西土家族苗族自治州,凤凰县,0743,416200
湖南省,湘西土家族苗族自治州,花垣县,0743,416400
湖南省,湘西土家族苗族自治州,保靖县,0743,416500
湖南省,湘西土家族苗族自治州,古丈县,0743,416300
湖南省,湘西土家族苗族自治州,永顺县,0743,416700
湖南省,湘西土家族苗族自治州,龙山县,0743,416800
广东省,广州市,,020,510032
广东省,广州市,越秀区,020,510030
广东省,广州市,荔湾区,020,510170
广东省,广州市,海珠区,020,510300
广东省,广州市,天河区,020,510665
广东省,广州市,白云区,020,510405
广东省,广州市,黄埔区,020,510700
广东省,广州市,番禺区,020,511400
广东省,广州市,花都区,020,510800
广东省,广州市,南沙区,020,511458
广东省,广州市,增城区,020,511300
广东省,广州市,从化区,020,510900
广东省,韶关市,,0751,512002
广东省,韶关市,浈江区,0751,512023
广东省,韶关市,武江区,0751,512026
广东省,韶关市,曲江区,0751,512101
广东省,韶关市,乐昌市,0751,512200
广东省,韶关市,南雄市,0751,512400
广东省,韶关市,始兴县,0751,512500
广东省,韶关市,仁化县,0751,512300
广东省,韶关市,翁源县,0751,512600
广东省,韶关市,新丰县,0751,511100
广东省,韶关市,乳源瑶族自治县,0751,512700
广东省,深圳市,,0755,518035
广东省,深圳市,福田区,0755,518048
广东省,深圳市,罗湖区,0755,518021
广东省,深圳市,南山区,0755,518051
广东省,深圳市,宝安区,0755,518101
广东省,深圳市,龙岗区,0755,518172
广东省,深圳市,盐田区,0755,518081
广东省,深圳市,龙华区,0755,
广东省,深圳市,坪山区,0755,
广东省,深圳市,光明区,0755,518107
广东省,珠海市,,0756,519000
广东省,珠海市,香洲区,0756,519000
广东省,珠海市,斗门区,0756,519110
广东省,珠海市,金湾区,0756,519040
广东省,汕头市,,0754,515041
广东省,汕头市,金平区,0754,515041
广东省,汕头市,龙湖区,0754,515041
广东省,汕头市,濠江区,0754,515071
广东省,汕头市,潮阳区,0754,515100
广东省,汕头市,潮南区,0754,515144
广东省,汕头市,澄海区,0754,515800
广东省,汕头市,南澳县,0754,515900
广东省,佛山市,,0757,528000
广东省,佛山市,禅城区,0757,528000
广东省,佛山市,南海区,0757,528251
广东省,佛山市,顺德区,0757,528300
广东省,佛山市,三水区,0757,528133
广东省,佛山市,高明区,0757,528500
广东省,江门市,,0750,529000
广东省,江门市,蓬江区,0750,529000
广东省,江门市,江海区,0750,529040
广东省,江门市,新会区,0750,529100
广东省,江门市,台山市,0750,529200
广东省,江门市,开平市,0750,529337
广东省,江门市,鹤山市,0750,529700
广东省,江门市,恩平市,0750,529400
广东省,湛江市,,0759,524047
广东省,湛江市,赤坎区,0759,524033
广东省,湛江市,霞山区,0759,524011
广东省,湛江市,坡头区,0759,524057
广东省,湛江市,麻章区,0759,524094
广东省,湛江市,廉江市,0759,524400
广东省,湛江市,雷州市,0759,524200
广东省,湛江市,吴川市,0759,524500
广东省,湛江市,遂溪县,0759,524300
广东省,湛江市,徐闻县,0759,524100
广东省,茂名市,,0668,525000
广东省,茂名市,茂南区,0668,525000
广东省,茂名市,电白区,0668,525400
广东省,茂名市,高州市,0668,525200
广东省,茂名市,化州市,0668,525100
广东省,茂名市,信宜市,0668,525300
广东省,肇庆市,,0758,526040
广东省,肇庆市,端州区,0758,526060
广东省,肇庆市,鼎湖区,0758,526070
广东省,肇庆市,高要区,0758,526100
广东省,肇庆市,四会市,0758,526200
广东省,肇庆市,广宁县,0758,526300
广东省,肇庆市,怀集县,0758,526400
广东省,肇庆市,封开县,0758,526500
广东省,肇庆市,德庆县,0758,526600
广东省,惠州市,,0752,516000
广东省,惠州市,惠城区,0752,516008
广东省,惠州市,惠阳区,0752,516211
广东省,惠州市,博罗县,0752,516100
广东省,惠州市,惠东县,0752,516300
广东省,惠州市,龙门县,0752,516800
广东省,梅州市,,0753,514021
广东省,梅州市,梅江区,0753,514000
广东省,梅州市,梅县区,0753,514787
广东省,梅州市,兴宁市,0753,514500
广东省,梅州市,大埔县,0753,514200
广东省,梅州市,丰顺县,0753,514300
广东省,梅州市,五华县,0753,514400
广东省,梅州市,平远县,0753,514600
广东省,梅州市,蕉岭县,0753,514100
广东省,汕尾市,,0660,516600
广东省,汕尾市,城区,0660,516600
广东省,汕尾市,陆丰市,0660,516500
广东省,汕尾市,海丰县,0660,516400
广东省,汕尾市,陆河县,0660,516700
广东省,河源市,,0762,517000
广东省,河源市,源城区,0762,517000
广东省,河源市,紫金县,0762,517400
广东省,河源市,龙川县,0762,517300
广东省,河源市,连平县,0762,517100
广东省,河源市,和平县,0762,517200
广东省,河源市,东源县,0762,517583
广东省,阳江市,,0662,529500
广东省,阳江市,江城区,0662,529500
广东省,阳江市,阳东区,0662,529900
广东省,阳江市,阳春市,0662,529600
广东省,阳江市,阳西县,0662,529800
广东省,清远市,,0763,511500
广东省,清远市,清城区,0763,511515
广东省,清远市,清新区,0763,511810
广东省,清远市,英德市,0763,513000
广东省,清远市,连州市,0763,513400
广东省,清远市,佛冈县,0763,511600
广东省,清远市,阳山县,0763,513100
广东省,清远市,连山壮族瑶族自治县,0763,513200
广东省,清远市,连南瑶族自治县,0763,513300
广东省,东莞市,,0769,523888
广东省,中山市,,0760,528403
广东省,潮州市,,0768,521000
广东省,潮州市,湘桥区,0768,521021
广东省,潮州市,潮安区,0768,515638
广东省,潮州市,饶平县,0768,515700
广东省,揭阳市,,0663,522000
广东省,揭阳市,榕城区,0663,522000
广东省,揭阳市,揭东区,0663,515500
广东省,揭阳市,普宁市,0663,515300
广东省,揭阳市,揭西县,0663,515400
广东省,揭阳市,惠来县,0663,515200
广东省,云浮市,,0766,527300
广东省,云浮市,云城区,0766,527300
广东省,云浮市,云安区,0766,527500
广东省,云浮市,罗定市,0766,527200
广东省,云浮市,新兴县,0766,527400
广东省,云浮市,郁南县,0766,527100
广西壮族自治区,南宁市,,0771,530028
广西壮族自治区,南宁市,青秀区,0771,530213
广西壮族自治区,南宁市,兴宁区,0771,530023
广西壮族自治区,南宁市,江南区,0771,530031
广西壮族自治区,南宁市,西乡塘区,0771,530001
广西壮族自治区,南宁市,良庆区,0771,530219
广西壮族自治区,南宁市,邕宁区,0771,530200
广西壮族自治区,南宁市,武鸣区,0771,530100
广西壮族自治区,南宁市,隆安县,0771,532700
广西壮族自治区,南宁市,马山县,0771,530600
广西壮族自治区,南宁市,上林县,0771,530500
广西壮族自治区,南宁市,宾阳县,0771,530400
广西壮族自治区,南宁市,横县,0771,530300
广西壮族自治区,柳州市,,0772,545001
广西壮族自治区,柳州市,柳北区,0772,545002
广西壮族自治区,柳州市,城中区,0772,545001
广西壮族自治区,柳州市,鱼峰区,0772,545005
广西壮族自治区,柳州市,柳南区,0772,545007
广西壮族自治区,柳州市,柳江区,0772,545100
广西壮族自治区,柳州市,柳城县,0772,545200
广西壮族自治区,柳州市,鹿寨县,0772,545600
广西壮族自治区,柳州市,融安县,0772,545400
广西壮族自治区,柳州市,融水苗族自治县,0772,545300
广西壮族自治区,柳州市,三江侗族自治县,0772,545500
广西壮族自治区,桂林市,,0773,541100
广西壮族自治区,桂林市,临桂区,0773,541100
广西壮族自治区,桂林市,秀峰区,0773,541001
广西壮族自治区,桂林市,叠彩区,0773,541001
广西壮族自治区,桂林市,象山区,0773,541002
广西壮族自治区,桂林市,七星区,0773,541004
广西壮族自治区,桂林市,雁山区,0773,541006
广西壮族自治区,桂林市,阳朔县,0773,541900
广西壮族自治区,桂林市,灵川县,0773,541200
广西壮族自治区,桂林市,全州县,0773,541503
广西壮族自治区,桂林市,兴安县,0773,541300
广西壮族自治区,桂林市,永福县,0773,541800
广西壮族自治区,桂林市,灌阳县,0773,541600
广西壮族自治区,桂林市,资源县,0773,541400
广西壮族自治区,桂林市,平乐县,0773,542400
广西壮族自治区,桂林市,荔浦市,0773,546600
广西壮族自治区,桂林市,龙胜各族自治县,0773,541700
广西壮族自治区,桂林市,恭城瑶族自治县,0773,542500
广西壮族自治区,梧州市,,0774,543002
广西壮族自治区,梧州市,长洲区,0774,543003
广西壮族自治区,梧州市,万秀区,0774,543000
广西壮族自治区,梧州市,龙圩区,0774,543002
广西壮族自治区,梧州市,岑溪市,0774,543200
广西壮族自治区,梧州市,苍梧县,0774,543100
广西壮族自治区,梧州市,藤县,0774,543300
广西壮族自治区,梧州市,蒙山县,0774,546700
广西壮族自治区,北海市,,0779,536000
广西壮族自治区,北海市,海城区,0779,536000
广西壮族自治区,北海市,银海区,0779,536000
广西壮族自治区,北海市,铁山港区,0779,536017
广西壮族自治区,北海市,合浦县,0779,536100
广西壮族自治区,防城港市,,0770,538001
广西壮族自治区,防城港市,港口区,0770,538001
广西壮族自治区,防城港市,防城区,0770,538021
广西壮族自治区,防城港市,东兴市,0770,538100
广西壮族自治区,防城港市,上思县,0770,535500
广西壮族自治区,钦州市,,0777,535099
广西壮族自治区,钦州市,钦南区,0777,535099
广西壮族自治区,钦州市,钦北区,0777,535099
广西壮族自治区,钦州市,灵山县,0777,535099
广西壮族自治区,钦州市,浦北县,0777,535099
广西壮族自治区,贵港市,,0775,537100
广西壮族自治区,贵港市,港北区,0775,537100
广西壮族自治区,贵港市,港南区,0775,537100
广西壮族自治区,贵港市,覃塘区,0775,537121
广西壮族自治区,贵港市,桂平市,0775,537200
广西壮族自治区,贵港市,平南县,0775,537300
广西壮族自治区,玉林市,,0775,537000
广西壮族自治区,玉林市,玉州区,0775,537000
广西壮族自治区,玉林市,福绵区,0775,537023
广西壮族自治区,玉林市,北流市,0775,537400
广西壮族自治区,玉林市,容县,0775,537500
广西壮族自治区,玉林市,陆川县,0775,537700
广西壮族自治区,玉林市,博白县,0775,537600
广西壮族自治区,玉林市,兴业县,0775,537800
广西壮族自治区,百色市,,0776,533000
广西壮族自治区,百色市,右江区,0776,533000
广西壮族自治区,百色市,田阳区,0776,533600
广西壮族自治区,百色市,靖西市,0776,533800
广西壮族自治区,百色市,平果市,0776,531400
广西壮族自治区,百色市,田东县,0776,531500
广西壮族自治区,百色市,德保县,0776,533700
广西壮族自治区,百色市,那坡县,0776,533900
广西壮族自治区,百色市,凌云县,0776,533100
广西壮族自治区,百色市,乐业县,0776,533200
广西壮族自治区,百色市,田林县,0776,533300
广西壮族自治区,百色市,西林县,0776,533500
广西壮族自治区,百色市,隆林各族自治县,0776,533400
广西壮族自治区,贺州市,,0774,542800
广西壮族自治区,贺州市,八步区,0774,542800
广西壮族自治区,贺州市,平桂区,0774,542800
广西壮族自治区,贺州市,昭平县,0774,546800
广西壮族自治区,贺州市,钟山县,0774,542600
广西壮族自治区,贺州市,富川瑶族自治县,0774,542700
广西壮族自治区,河池市,,0778,547000
广西壮族自治区,河池市,金城江区,0778,547000
广西壮族自治区,河池市,宜州区,0778,546300
广西壮族自治区,河池市,南丹县,0778,547200
广西壮族自治区,河池市,天峨县,0778,547300
广西壮族自治区,河池市,凤山县,0778,547600
广西壮族自治区,河池市,东兰县,0778,547400
广西壮族自治区,河池市,罗城仫佬族自治县,0778,546400
广西壮族自治区,河池市,环江毛南族自治县,0778,547100
广西壮族自治区,河池市,巴马瑶族自治县,0778,547500
广西壮族自治区,河池市,都安瑶族自治县,0778,530700
广西壮族自治区,河池市,大化瑶族自治县,0778,530800
广西壮族自治区,来宾市,,0772,546100
广西壮族自治区,来宾市,兴宾区,0772,546100
广西壮族自治区,来宾市,合山市,0772,546500
广西壮族自治区,来宾市,忻城县,0772,546200
广西壮族自治区,来宾市,象州县,0772,545800
广西壮族自治区,来宾市,武宣县,0772,545900
广西壮族自治区,来宾市,金秀瑶族自治县,0772,545799
广西壮族自治区,崇左市,,0771,532299
广西壮族自治区,崇左市,江州区,0771,532299
广西壮族自治区,崇左市,凭祥市,0771,532699
广西壮族自治区,崇左市,扶绥县,0771,532199
广西壮族自治区,崇左市,宁明县,0771,532599
广西壮族自治区,崇左市,龙州县,0771,532499
广西壮族自治区,崇左市,大新县,0771,532399
广西壮族自治区,崇左市,天等县,0771,532899
海南省,海口市,,0898,570000
海南省,海口市,龙华区,0898,570145
海南省,海口市,秀英区,0898,570311
海南省,海口市,琼山区,0898,571100
海南省,海口市,美兰区,0898,570100
海南省,三亚市,,0898,572000
海南省,三亚市,吉阳区,0898,572099
海南省,三亚市,海棠区,0898,572013
海南省,三亚市,天涯区,0898,572100
海南省,三亚市,崖州区,0898,572024
海南省,儋州市,,0898,571700
海南省,省直辖县级行政单位,五指山市,0898,572200
海南省,省直辖县级行政单位,琼海市,0898,571400
海南省,省直辖县级行政单位,文昌市,0898,571339
海南省,省直辖县级行政单位,万宁市,0898,571500
海南省,省直辖县级行政单位,东方市,0898,572600
海南省,省直辖县级行政单位,定安县,0898,571200
海南省,省直辖县级行政单位,屯昌县,0898,571600
海南省,省直辖县级行政单位,澄迈县,0898,571900
海南省,省直辖县级行政单位,临高县,0898,571800
海南省,省直辖县级行政单位,白沙黎族自治县,0898,572800
海南省,省直辖县级行政单位,昌江黎族自治县,0898,572700
海南省,省直辖县级行政单位,乐东黎族自治县,0898,572500
海南省,省直辖县级行政单位,陵水黎族自治县,0898,572400
海南省,省直辖县级行政单位,保亭黎族苗族自治县,0898,572300
海南省,省直辖县级行政单位,琼中黎族苗族自治县,0898,572900
重庆市,重庆市,,023,
重庆市,重庆市,渝中区,023,400010
重庆市,重庆市,万州区,023,404000
重庆市,重庆市,涪陵区,023,408000
重庆市,重庆市,大渡口区,023,400080
重庆市,重庆市,江北区,023,400020
重庆市,重庆市,沙坪坝区,023,400030
重庆市,重庆市,九龙坡区,023,400050
重庆市,重庆市,南岸区,023,400064
重庆市,重庆市,北碚区,023,400700
重庆市,重庆市,綦江区,023,400800
重庆市,重庆市,大足区,023,400900
重庆市,重庆市,渝北区,023,401120
重庆市,重庆市,巴南区,023,401320
重庆市,重庆市,黔江区,023,409700
重庆市,重庆市,长寿区,023,401220
重庆市,重庆市,江津区,023,402260
重庆市,重庆市,合川区,023,401520
重庆市,重庆市,永川区,023,402160
重庆市,重庆市,南川区,023,408400
重庆市,重庆市,璧山区,023,402760
重庆市,重庆市,铜梁区,023,402560
重庆市,重庆市,潼南区,023,402660
重庆市,重庆市,荣昌区,023,402460
重庆市,重庆市,开州区,023,405400
重庆市,重庆市,梁平区,023,405200
重庆市,重庆市,武隆区,023,408500
重庆市,重庆市,城口县,023,405900
重庆市,重庆市,丰都县,023,408200
重庆市,重庆市,垫江县,023,408300
重庆市,重庆市,忠县,023,404300
重庆市,重庆市,云阳县,023,404500
重庆市,重庆市,奉节县,023,404600
重庆市,重庆市,巫山县,023,404700
重庆市,重庆市,巫溪县,023,405800
重庆市,重庆市,石柱土家族自治县,023,409100
重庆市,重庆市,秀山土家族苗族自治县,023,409900
重庆市,重庆市,酉阳土家族苗族自治县,023,409800
重庆市,重庆市,彭水苗族土家族自治县,023,409600
四川省,成都市,,028,610015
四川省,成都市,武侯区,028,610041
四川省,成都市,锦江区,028,610021
四川省,成都市,青羊区,028,610031
四川省,成都市,金牛区,028,610036
四川省,成都市,成华区,028,610066
四川省,成都市,龙泉驿区,028,610100
四川省,成都市,青白江区,028,610300
四川省,成都市,新都区,028,610500
四川省,成都市,温江区,028,611130
四川省,成都市,双流区,028,610200
四川省,成都市,郫都区,028,611730
四川省,成都市,都江堰市,028,611830
四川省,成都市,彭州市,028,611930
四川省,成都市,邛崃市,028,611530
四川省,成都市,崇州市,028,611230
四川省,成都市,简阳市,028,641400
四川省,成都市,金堂县,028,610400
四川省,成都市,大邑县,028,611330
四川省,成都市,蒲江县,028,611630
四川省,成都市,新津县,028,611430
四川省,自贡市,,0813,643000
四川省,自贡市,自流井区,0813,643000
四川省,自贡市,贡井区,0813,643020
四川省,自贡市,大安区,0813,643010
四川省,自贡市,沿滩区,0813,643030
四川省,自贡市,荣县,0813,643100
四川省,自贡市,富顺县,0813,643200
四川省,攀枝花市,,0812,617000
四川省,攀枝花市,东区,0812,617067
四川省,攀枝花市,西区,0812,617068
四川省,攀枝花市,仁和区,0812,617061
四川省,攀枝花市,米易县,0812,617200
四川省,攀枝花市,盐边县,0812,617100
四川省,泸州市,,0830,646000
四川省,泸州市,江阳区,0830,646000
四川省,泸州市,纳溪区,0830,646300
四川省,泸州市,龙马潭区,0830,646000
四川省,泸州市,泸县,0830,646106
四川省,泸州市,合江县,0830,646200
四川省,泸州市,叙永县,0830,646400
四川省,泸州市,古蔺县,0830,646500
四川省,德阳市,,0838,618000
四川省,德阳市,旌阳区,0838,618000
四川省,德阳市,罗江区,0838,618500
四川省,德阳市,广汉市,0838,618300
四川省,德阳市,什邡市,0838,618400
四川省,德阳市,绵竹市,0838,618200
四川省,德阳市,中江县,0838,618100
四川省,绵阳市,,0816,621000
四川省,绵阳市,涪城区,0816,621000
四川省,绵阳市,游仙区,0816,621022
四川省,绵阳市,安州区,0816,622650
四川省,绵阳市,江油市,0816,621700
四川省,绵阳市,三台县,0816,621100
四川省,绵阳市,盐亭县,0816,621600
四川省,绵阳市,梓潼县,0816,622150
四川省,绵阳市,平武县,0816,622550
四川省,绵阳市,北川羌族自治县,0816,622750
四川省,广元市,,0839,628000
四川省,广元市,利州区,0839,628017
四川省,广元市,昭化区,0839,628017
四川省,广元市,朝天区,0839,628017
四川省,广元市,旺苍县,0839,628200
四川省,广元市,青川县,0839,628100
四川省,广元市,剑阁县,0839,628300
四川省,广元市,苍溪县,0839,628400
四川省,遂宁市,,0825,629000
四川省,遂宁市,船山区,0825,629000
四川省,遂宁市,安居区,0825,629000
四川省,遂宁市,射洪市,0825,629299
四川省,遂宁市,蓬溪县,0825,629100
四川省,遂宁市,大英县,0825,629300
四川省,内江市,,0832,641000
四川省,内江市,市中区,0832,641000
四川省,内江市,东兴区,0832,641100
四川省,内江市,隆昌市,0832,642150
四川省,内江市,威远县,0832,642450
四川省,内江市,资中县,0832,641200
四川省,乐山市,,0833,614000
四川省,乐山市,市中区,0833,614000
四川省,乐山市,沙湾区,0833,614900
四川省,乐山市,五通桥区,0833,614800
四川省,乐山市,金口河区,0833,614700
四川省,乐山市,峨眉山市,0833,614200
四川省,乐山市,犍为县,0833,614400
四川省,乐山市,井研县,0833,613100
四川省,乐山市,夹江县,0833,614100
四川省,乐山市,沐川县,0833,614500
四川省,乐山市,峨边彝族自治县,0833,614300
四川省,乐山市,马边彝族自治县,0833,614600
四川省,南充市,,0817,637000
四川省,南充市,顺庆区,0817,637000
四川省,南充市,高坪区,0817,637100
四川省,南充市,嘉陵区,0817,637100
四川省,南充市,阆中市,0817,637400
四川省,南充市,南部县,0817,637300
四川省,南充市,营山县,0817,637700
四川省,南充市,蓬安县,0817,637800
四川省,南充市,仪陇县,0817,637600
四川省,南充市,西充县,0817,637200
四川省,眉山市,,028,620020
四川省,眉山市,东坡区,028,620010
四川省,眉山市,彭山区,028,620860
四川省,眉山市,仁寿县,028,620500
四川省,眉山市,洪雅县,028,620360
四川省,眉山市,丹棱县,028,620200
四川省,眉山市,青神县,028,620460
四川省,宜宾市,,0831,644000
四川省,宜宾市,翠屏区,0831,644000
四川省,宜宾市,南溪区,0831,644100
四川省,宜宾市,叙州区,0831,644600
四川省,宜宾市,江安县,0831,644200
四川省,宜宾市,长宁县,0831,644300
四川省,宜宾市,高县,0831,645150
四川省,宜宾市,珙县,0831,644500
四川省,宜宾市,筠连县,0831,645250
四川省,宜宾市,兴文县,0831,644400
四川省,宜宾市,屏山县,0831,645350
四川省,广安市,,0826,638000
四川省,广安市,广安区,0826,638000
四川省,广安市,前锋区,0826,638019
四川省,广安市,华蓥市,0826,638600
四川省,广安市,岳池县,0826,638300
四川省,广安市,武胜县,0826,638400
四川省,广安市,邻水县,0826,638500
四川省,达州市,,0818,635000
四川省,达州市,通川区,0818,635000
四川省,达州市,达川区,0818,635000
四川省,达州市,万源市,0818,636350
四川省,达州市,宣汉县,0818,636150
四川省,达州市,开江县,0818,636250
四川省,达州市,大竹县,0818,635100
四川省,达州市,渠县,0818,635200
四川省,雅安市,,0835,625000
四川省,雅安市,雨城区,0835,625000
四川省,雅安市,名山区,0835,625100
四川省,雅安市,荥经县,0835,625200
四川省,雅安市,汉源县,0835,625300
四川省,雅安市,石棉县,0835,625400
四川省,雅安市,天全县,0835,625500
四川省,雅安市,芦山县,0835,625600
四川省,雅安市,宝兴县,0835,625700
四川省,巴中市,,0827,636000
四川省,巴中市,巴州区,0827,636001
四川省,巴中市,恩阳区,0827,636064
四川省,巴中市,通江县,0827,636700
四川省,巴中市,南江县,0827,636600
四川省,巴中市,平昌县,0827,636400
四川省,资阳市,,028,641300
四川省,资阳市,雁江区,028,641300
四川省,资阳市,乐至县,028,641500
四川省,资阳市,安岳县,028,642350
四川省,阿坝藏族羌族自治州,,0837,624000
四川省,阿坝藏族羌族自治州,马尔康市,0837,624000
四川省,阿坝藏族羌族自治州,汶川县,0837,623000
四川省,阿坝藏族羌族自治州,理县,0837,623100
四川省,阿坝藏族羌族自治州,茂县,0837,623200
四川省,阿坝藏族羌族自治州,松潘县,0837,623300
四川省,阿坝藏族羌族自治州,九寨沟县,0837,623400
四川省,阿坝藏族羌族自治州,金川县,0837,624100
四川省,阿坝藏族羌族自治州,小金县,0837,624200
四川省,阿坝藏族羌族自治州,黑水县,0837,623500
四川省,阿坝藏族羌族自治州,壤塘县,0837,624300
四川省,阿坝藏族羌族自治州,阿坝县,0837,624600
四川省,阿坝藏族羌族自治州,若尔盖县,0837,624500
四川省,阿坝藏族羌族自治州,红原县,0837,624400
四川省,甘孜藏族自治州,,0836,626000
四川省,甘孜藏族自治州,康定市,0836,626000
四川省,甘孜藏族自治州,泸定县,0836,626100
四川省,甘孜藏族自治州,丹巴县,0836,626300
四川省,甘孜藏族自治州,九龙县,0836,626200
四川省,甘孜藏族自治州,雅江县,0836,627450
四川省,甘孜藏族自治州,道孚县,0836,626400
四川省,甘孜藏族自治州,炉霍县,0836,626500
四川省,甘孜藏族自治州,甘孜县,0836,626700
四川省,甘孜藏族自治州,新龙县,0836,626800
四川省,甘孜藏族自治州,德格县,0836,627250
四川省,甘孜藏族自治州,白玉县,0836,627150
四川省,甘孜藏族自治州,石渠县,0836,627350
四川省,甘孜藏族自治州,色达县,0836,626600
四川省,甘孜藏族自治州,理塘县,0836,627550
四川省,甘孜藏族自治州,巴塘县,0836,627650
四川省,甘孜藏族自治州,乡城县,0836,627850
四川省,甘孜藏族自治州,稻城县,0836,627750
四川省,甘孜藏族自治州,得荣县,0836,627950
四川省,凉山彝族自治州,,0834,615000
四川省,凉山彝族自治州,西昌市,0834,615000
四川省,凉山彝族自治州,盐源县,0834,615700
四川省,凉山彝族自治州,德昌县,0834,615500
四川省,凉山彝族自治州,会理县,0834,615100
四川省,凉山彝族自治州,会东县,0834,615200
四川省,凉山彝族自治州,宁南县,0834,615400
四川省,凉山彝族自治州,普格县,0834,615300
四川省,凉山彝族自治州,布拖县,0834,616350
四川省,凉山彝族自治州,金阳县,0834,616250
四川省,凉山彝族自治州,昭觉县,0834,616150
四川省,凉山彝族自治州,喜德县,0834,616750
四川省,凉山彝族自治州,冕宁县,0834,615600
四川省,凉山彝族自治州,越西县,0834,616650
四川省,凉山彝族自治州,甘洛县,0834,616850
四川省,凉山彝族自治州,美姑县,0834,616450
四川省,凉山彝族自治州,雷波县,0834,616550
四川省,凉山彝族自治州,木里藏族自治县,0834,615800
贵州省,贵阳市,,0851,550001
贵州省,贵阳市,观山湖区,0851,550009
贵州省,贵阳市,南明区,0851,550001
贵州省,贵阳市,云岩区,0851,550001
贵州省,贵阳市,花溪区,0851,550025
贵州省,贵阳市,乌当区,0851,550018
贵州省,贵阳市,白云区,0851,550014
贵州省,贵阳市,清镇市,0851,551400
贵州省,贵阳市,开阳县,0851,550300
贵州省,贵阳市,息烽县,0851,551100
贵州省,贵阳市,修文县,0851,550200
贵州省,六盘水市,,0858,553400
贵州省,六盘水市,钟山区,0858,553000
贵州省,六盘水市,盘州市,0858,561601
贵州省,六盘水市,水城县,0858,553000
贵州省,六盘水市,六枝特区,0858,553400
贵州省,遵义市,,0852,563000
贵州省,遵义市,汇川区,0852,563000
贵州省,遵义市,红花岗区,0852,563000
贵州省,遵义市,播州区,0851,563100
贵州省,遵义市,赤水市,0852,564700
贵州省,遵义市,仁怀市,0852,564500
贵州省,遵义市,桐梓县,0852,563200
贵州省,遵义市,绥阳县,0852,563300
贵州省,遵义市,正安县,0852,563400
贵州省,遵义市,凤冈县,0852,564200
贵州省,遵义市,湄潭县,0852,564100
贵州省,遵义市,余庆县,0852,564400
贵州省,遵义市,习水县,0852,564600
贵州省,遵义市,道真仡佬族苗族自治县,0852,563500
贵州省,遵义市,务川仡佬族苗族自治县,0852,564300
贵州省,安顺市,,0853,561000
贵州省,安顺市,西秀区,0853,561000
贵州省,安顺市,平坝区,0853,561100
贵州省,安顺市,普定县,0853,562100
贵州省,安顺市,镇宁布依族苗族自治县,0853,561200
贵州省,安顺市,关岭布依族苗族自治县,0853,561300
贵州省,安顺市,紫云苗族布依族自治县,0853,550800
贵州省,毕节市,,0857,551700
贵州省,毕节市,七星关区,0857,551700
贵州省,毕节市,大方县,0857,551600
贵州省,毕节市,黔西县,0857,551500
贵州省,毕节市,金沙县,0857,551800
贵州省,毕节市,织金县,0857,552100
贵州省,毕节市,纳雍县,0857,553300
贵州省,毕节市,赫章县,0857,553200
贵州省,毕节市,威宁彝族回族苗族自治县,0857,553100
贵州省,铜仁市,,0856,554300
贵州省,铜仁市,碧江区,0856,554300
贵州省,铜仁市,万山区,0856,554200
贵州省,铜仁市,江口县,0856,554400
贵州省,铜仁市,石阡县,0856,555100
贵州省,铜仁市,思南县,0856,565100
贵州省,铜仁市,德江县,0856,565200
贵州省,铜仁市,玉屏侗族自治县,0856,554004
贵州省,铜仁市,印江土家族苗族自治县,0856,555200
贵州省,铜仁市,沿河土家族自治县,0856,565300
贵州省,铜仁市,松桃苗族自治县,0856,554100
贵州省,黔西南布依族苗族自治州,,0859,562400
贵州省,黔西南布依族苗族自治州,兴义市,0859,562400
贵州省,黔西南布依族苗族自治州,兴仁市,0859,562300
贵州省,黔西南布依族苗族自治州,普安县,0859,561500
贵州省,黔西南布依族苗族自治州,晴隆县,0859,561400
贵州省,黔西南布依族苗族自治州,贞丰县,0859,562200
贵州省,黔西南布依族苗族自治州,望谟县,0859,552300
贵州省,黔西南布依族苗族自治州,册亨县,0859,552200
贵州省,黔西南布依族苗族自治州,安龙县,0859,552400
贵州省,黔东南苗族侗族自治州,,0855,556000
贵州省,黔东南苗族侗族自治州,凯里市,0855,556000
贵州省,黔东南苗族侗族自治州,黄平县,0855,556100
贵州省,黔东南苗族侗族自治州,施秉县,0855,556200
贵州省,黔东南苗族侗族自治州,三穗县,0855,556500
贵州省,黔东南苗族侗族自治州,镇远县,0855,557700
贵州省,黔东南苗族侗族自治州,岑巩县,0855,557800
贵州省,黔东南苗族侗族自治州,天柱县,0855,556600
贵州省,黔东南苗族侗族自治州,锦屏县,0855,556700
贵州省,黔东南苗族侗族自治州,剑河县,0855,556400
贵州省,黔东南苗族侗族自治州,台江县,0855,556300
贵州省,黔东南苗族侗族自治州,黎平县,0855,557300
贵州省,黔东南苗族侗族自治州,榕江县,0855,557200
贵州省,黔东南苗族侗族自治州,从江县,0855,557400
贵州省,黔东南苗族侗族自治州,雷山县,0855,557100
贵州省,黔东南苗族侗族自治州,麻江县,0855,557600
贵州省,黔东南苗族侗族自治州,丹寨县,0855,557500
贵州省,黔南布依族苗族自治州,,0854,558000
贵州省,黔南布依族苗族自治州,都匀市,0854,558000
贵州省,黔南布依族苗族自治州,福泉市,0854,550500
贵州省,黔南布依族苗族自治州,荔波县,0854,558400
贵州省,黔南布依族苗族自治州,贵定县,0854,551300
贵州省,黔南布依族苗族自治州,瓮安县,0854,550400
贵州省,黔南布依族苗族自治州,独山县,0854,558200
贵州省,黔南布依族苗族自治州,平塘县,0854,558300
贵州省,黔南布依族苗族自治州,罗甸县,0854,550100
贵州省,黔南布依族苗族自治州,长顺县,0854,550700
贵州省,黔南布依族苗族自治州,龙里县,0854,551200
贵州省,黔南布依族苗族自治州,惠水县,0854,550600
贵州省,黔南布依族苗族自治州,三都水族自治县,0854,558100
云南省,昆明市,,0871,650500
云南省,昆明市,呈贡区,0871,650500
云南省,昆明市,五华区,0871,650021
云南省,昆明市,盘龙区,0871,650051
云南省,昆明市,官渡区,0871,650200
云南省,昆明市,西山区,0871,650118
云南省,昆明市,东川区,0871,654100
云南省,昆明市,晋宁区,0871,650600
云南省,昆明市,安宁市,0871,650300
云南省,昆明市,富民县,0871,650400
云南省,昆明市,宜良县,0871,652100
云南省,昆明市,嵩明县,0871,651700
云南省,昆明市,石林彝族自治县,0871,652200
云南省,昆明市,禄劝彝族苗族自治县,0871,651500
云南省,昆明市,寻甸回族彝族自治县,0871,655200
云南省,曲靖市,,0874,655000
云南省,曲靖市,麒麟区,0874,655000
云南省,曲靖市,沾益区,0874,655331
云南省,曲靖市,马龙区,0874,655199
云南省,曲靖市,宣威市,0874,655400
云南省,曲靖市,陆良县,0874,655600
云南省,曲靖市,师宗县,0874,655700
云南省,曲靖市,罗平县,0874,655800
云南省,曲靖市,富源县,0874,655500
云南省,曲靖市,会泽县,0874,654200
云南省,玉溪市,,0877,653100
云南省,玉溪市,红塔区,0877,653100
云南省,玉溪市,江川区,0877,652600
云南省,玉溪市,澄江市,0877,652599
云南省,玉溪市,通海县,0877,652700
云南省,玉溪市,华宁县,0877,652800
云南省,玉溪市,易门县,0877,651100
云南省,玉溪市,峨山彝族自治县,0877,653200
云南省,玉溪市,新平彝族傣族自治县,0877,653400
云南省,玉溪市,元江哈尼族彝族傣族自治县,0877,653300
云南省,保山市,,0875,678000
云南省,保山市,隆阳区,0875,678000
云南省,保山市,腾冲市,0875,679100
云南省,保山市,施甸县,0875,678200
云南省,保山市,龙陵县,0875,678300
云南省,保山市,昌宁县,0875,678100
云南省,昭通市,,0870,657000
云南省,昭通市,昭阳区,0870,657000
云南省,昭通市,水富市,0870,657800
云南省,昭通市,鲁甸县,0870,657100
云南省,昭通市,巧家县,0870,654600
云南省,昭通市,盐津县,0870,657500
云南省,昭通市,大关县,0870,657400
云南省,昭通市,永善县,0870,657300
云南省,昭通市,绥江县,0870,657700
云南省,昭通市,镇雄县,0870,657200
云南省,昭通市,彝良县,0870,657600
云南省,昭通市,威信县,0870,657900
云南省,丽江市,,0888,674100
云南省,丽江市,古城区,0888,674100
云南省,丽江市,永胜县,0888,674200
云南省,丽江市,华坪县,0888,674800
云南省,丽江市,玉龙纳西族自治县,0888,674100
云南省,丽江市,宁蒗彝族自治县,0888,674300
云南省,普洱市,,0879,665000
云南省,普洱市,思茅区,0879,665000
云南省,普洱市,宁洱哈尼族彝族自治县,0879,665100
云南省,普洱市,墨江哈尼族自治县,0879,654800
云南省,普洱市,景东彝族自治县,0879,676200
云南省,普洱市,景谷傣族彝族自治县,0879,666400
云南省,普洱市,镇沅彝族哈尼族拉祜族自治县,0879,666500
云南省,普洱市,江城哈尼族彝族自治县,0879,665900
云南省,普洱市,孟连傣族拉祜族佤族自治县,0879,665800
云南省,普洱市,澜沧拉祜族自治县,0879,665600
云南省,普洱市,西盟佤族自治县,0879,665700
云南省,临沧市,,0883,677000
云南省,临沧市,临翔区,0883,677000
云南省,临沧市,凤庆县,0883,675900
云南省,临沧市,云县,0883,675800
云南省,临沧市,永德县,0883,677600
云南省,临沧市,镇康县,0883,677704
云南省,临沧市,双江拉祜族佤族布朗族傣族自治县,0883,677300
云南省,临沧市,耿马傣族佤族自治县,0883,677500
云南省,临沧市,沧源佤族自治县,0883,677400
云南省,楚雄彝族自治州,,0878,675000
云南省,楚雄彝族自治州,楚雄市,0878,675000
云南省,楚雄彝族自治州,双柏县,0878,675100
云南省,楚雄彝族自治州,牟定县,0878,675500
云南省,楚雄彝族自治州,南华县,0878,675200
云南省,楚雄彝族自治州,姚安县,0878,675300
云南省,楚雄彝族自治州,大姚县,0878,675400
云南省,楚雄彝族自治州,永仁县,0878,651400
云南省,楚雄彝族自治州,元谋县,0878,651300
云南省,楚雄彝族自治州,武定县,0878,651600
云南省,楚雄彝族自治州,禄丰县,0878,651200
云南省,红河哈尼族彝族自治州,,0873,661400
云南省,红河哈尼族彝族自治州,蒙自市,0873,661101
云南省,红河哈尼族彝族自治州,个旧市,0873,661000
云南省,红河哈尼族彝族自治州,开远市,0873,661600
云南省,红河哈尼族彝族自治州,弥勒市,0873,652300
云南省,红河哈尼族彝族自治州,建水县,0873,654300
云南省,红河哈尼族彝族自治州,石屏县,0873,662200
云南省,红河哈尼族彝族自治州,泸西县,0873,652400
云南省,红河哈尼族彝族自治州,元阳县,0873,662400
云南省,红河哈尼族彝族自治州,红河县,0873,654400
云南省,红河哈尼族彝族自治州,绿春县,0873,662500
云南省,红河哈尼族彝族自治州,屏边苗族自治县,0873,661200
云南省,红河哈尼族彝族自治州,金平苗族瑶族傣族自治县,0873,661500
云南省,红河哈尼族彝族自治州,河口瑶族自治县,0873,661300
云南省,文山壮族苗族自治州,,0876,663000
云南省,文山壮族苗族自治州,文山市,0876,663000
云南省,文山壮族苗族自治州,砚山县,0876,663100
云南省,文山壮族苗族自治州,西畴县,0876,663500
云南省,文山壮族苗族自治州,麻栗坡县,0876,663600
云南省,文山壮族苗族自治州,马关县,0876,663700
云南省,文山壮族苗族自治州,丘北县,0876,663200
云南省,文山壮族苗族自治州,广南县,0876,663300
云南省,文山壮族苗族自治州,富宁县,0876,663400
云南省,西双版纳傣族自治州,,0691,666100
云南省,西双版纳傣族自治州,景洪市,0691,666100
云南省,西双版纳傣族自治州,勐海县,0691,666200
云南省,西双版纳傣族自治州,勐腊县,0691,666300
云南省,大理白族自治州,,0872,671000
云南省,大理白族自治州,大理市,0872,671000
云南省,大理白族自治州,祥云县,0872,672100
云南省,大理白族自治州,宾川县,0872,671600
云南省,大理白族自治州,弥渡县,0872,675600
云南省,大理白族自治州,永平县,0872,672600
云南省,大理白族自治州,云龙县,0872,672700
云南省,大理白族自治州,洱源县,0872,671200
云南省,大理白族自治州,剑川县,0872,671300
云南省,大理白族自治州,鹤庆县,0872,671500
云南省,大理白族自治州,漾濞彝族自治县,0872,672500
云南省,大理白族自治州,南涧彝族自治县,0872,675700
云南省,大理白族自治州,巍山彝族回族自治县,0872,672400
云南省,德宏傣族景颇族自治州,,0692,678400
云南省,德宏傣族景颇族自治州,芒市,0692,678400
云南省,德宏傣族景颇族自治州,瑞丽市,0692,678600
云南省,德宏傣族景颇族自治州,梁河县,0692,679200
云南省,德宏傣族景颇族自治州,盈江县,0692,679300
云南省,德宏傣族景颇族自治州,陇川县,0692,678700
云南省,怒江傈僳族自治州,,0886,673100
云南省,怒江傈僳族自治州,泸水市,0886,673100
云南省,怒江傈僳族自治州,福贡县,0886,673400
云南省,怒江傈僳族自治州,贡山独龙族怒族自治县,0886,673500
云南省,怒江傈僳族自治州,兰坪白族普米族自治县,0886,671400
云南省,迪庆藏族自治州,,0887,674400
云南省,迪庆藏族自治州,香格里拉市,0887,674400
云南省,迪庆藏族自治州,德钦县,0887,674500
云南省,迪庆藏族自治州,维西傈僳族自治县,0887,674600
西藏自治区,拉萨市,,0891,850000
西藏自治区,拉萨市,城关区,0891,850000
西藏自治区,拉萨市,堆龙德庆区,0891,851400
西藏自治区,拉萨市,达孜区,0891,850100
西藏自治区,拉萨市,林周县,0891,851600
西藏自治区,拉萨市,当雄县,0891,851500
西藏自治区,拉萨市,尼木县,0891,851300
西藏自治区,拉萨市,曲水县,0891,850600
西藏自治区,拉萨市,墨竹工卡县,0891,850200
西藏自治区,日喀则市,,0892,857000
西藏自治区,日喀则市,桑珠孜区,0892,857000
西藏自治区,日喀则市,南木林县,0892,857100
西藏自治区,日喀则市,江孜县,0892,857400
西藏自治区,日喀则市,定日县,0892,858200
西藏自治区,日喀则市,萨迦县,0892,857800
西藏自治区,日喀则市,拉孜县,0892,858100
西藏自治区,日喀则市,昂仁县,0892,858500
西藏自治区,日喀则市,谢通门县,0892,858900
西藏自治区,日喀则市,白朗县,0892,857300
西藏自治区,日喀则市,仁布县,0892,857200
西藏自治区,日喀则市,康马县,0892,857500
西藏自治区,日喀则市,定结县,0892,857900
西藏自治区,日喀则市,仲巴县,0892,858800
西藏自治区,日喀则市,亚东县,0892,857600
西藏自治区,日喀则市,吉隆县,0892,858700
西藏自治区,日喀则市,聂拉木县,0892,858300
西藏自治区,日喀则市,萨嘎县,0892,857800
西藏自治区,日喀则市,岗巴县,0892,857700
西藏自治区,昌都市,,0895,854000
西藏自治区,昌都市,卡若区,0895,854000
西藏自治区,昌都市,江达县,0895,854100
西藏自治区,昌都市,贡觉县,0895,854200
西藏自治区,昌都市,类乌齐县,0895,855600
西藏自治区,昌都市,丁青县,0895,855700
西藏自治区,昌都市,察雅县,0895,854300
西藏自治区,昌都市,八宿县,0895,854600
西藏自治区,昌都市,左贡县,0895,854400
西藏自治区,昌都市,芒康县,0895,854500
西藏自治区,昌都市,洛隆县,0895,855400
西藏自治区,昌都市,边坝县,0895,855500
西藏自治区,林芝市,,0894,850400
西藏自治区,林芝市,巴宜区,0894,850400
西藏自治区,林芝市,工布江达县,0894,850300
西藏自治区,林芝市,米林县,0894,850500
西藏自治区,林芝市,墨脱县,0894,855300
西藏自治区,林芝市,波密县,0894,855200
西藏自治区,林芝市,察隅县,0894,855100
西藏自治区,林芝市,朗县,0894,856500
西藏自治区,山南市,,0893,856000
西藏自治区,山南市,乃东区,0893,856100
西藏自治区,山南市,扎囊县,0893,850800
西藏自治区,山南市,贡嘎县,0893,850700
西藏自治区,山南市,桑日县,0893,856200
西藏自治区,山南市,琼结县,0893,856800
西藏自治区,山南市,曲松县,0893,856300
西藏自治区,山南市,措美县,0893,856900
西藏自治区,山南市,洛扎县,0893,856600
西藏自治区,山南市,加查县,0893,856400
西藏自治区,山南市,隆子县,0893,856600
西藏自治区,山南市,错那县,0893,856700
西藏自治区,山南市,浪卡子县,0893,851100
西藏自治区,那曲市,,0896,852000
西藏自治区,那曲市,色尼区,0896,852000
西藏自治区,那曲市,嘉黎县,0896,852400
西藏自治区,那曲市,比如县,0896,852300
西藏自治区,那曲市,聂荣县,0896,853500
西藏自治区,那曲市,安多县,0896,853400
西藏自治区,那曲市,申扎县,0896,853100
西藏自治区,那曲市,索县,0896,852200
西藏自治区,那曲市,班戈县,0896,852500
西藏自治区,那曲市,巴青县,0896,852100
西藏自治区,那曲市,尼玛县,0896,852600
西藏自治区,那曲市,双湖县,0896,852600
西藏自治区,阿里地区,,0897,859000
西藏自治区,阿里地区,噶尔县,0897,859400
西藏自治区,阿里地区,普兰县,0897,859500
西藏自治区,阿里地区,札达县,0897,859600
西藏自治区,阿里地区,日土县,0897,859700
西藏自治区,阿里地区,革吉县,0897,859100
西藏自治区,阿里地区,改则县,0897,859200
西藏自治区,阿里地区,措勤县,0897,859300
陕西省,西安市,,029,710003
陕西省,西安市,未央区,029,710014
陕西省,西安市,新城区,029,710004
陕西省,西安市,碑林区,029,710001
陕西省,西安市,莲湖区,029,710003
陕西省,西安市,灞桥区,029,710038
陕西省,西安市,雁塔区,029,710061
陕西省,西安市,阎良区,029,710087
陕西省,西安市,临潼区,029,710600
陕西省,西安市,长安区,029,710100
陕西省,西安市,高陵区,029,710200
陕西省,西安市,鄠邑区,029,710300
陕西省,西安市,蓝田县,029,710500
陕西省,西安市,周至县,029,710400
陕西省,铜川市,,0919,727100
陕西省,铜川市,耀州区,0919,727100
陕西省,铜川市,王益区,0919,727000
陕西省,铜川市,印台区,0919,727007
陕西省,铜川市,宜君县,0919,727200
陕西省,宝鸡市,,0917,721000
陕西省,宝鸡市,金台区,0917,721000
陕西省,宝鸡市,渭滨区,0917,721000
陕西省,宝鸡市,陈仓区,0917,721300
陕西省,宝鸡市,凤翔县,0917,721400
陕西省,宝鸡市,岐山县,0917,722400
陕西省,宝鸡市,扶风县,0917,722200
陕西省,宝鸡市,眉县,0917,722300
陕西省,宝鸡市,陇县,0917,721200
陕西省,宝鸡市,千阳县,0917,721100
陕西省,宝鸡市,麟游县,0917,721500
陕西省,宝鸡市,凤县,0917,721700
陕西省,宝鸡市,太白县,0917,721600
陕西省,咸阳市,,029,712000
陕西省,咸阳市,秦都区,029,712000
陕西省,咸阳市,杨陵区,029,712100
陕西省,咸阳市,渭城区,029,712000
陕西省,咸阳市,兴平市,029,713100
陕西省,咸阳市,彬州市,029,713500
陕西省,咸阳市,三原县,029,713800
陕西省,咸阳市,泾阳县,029,713700
陕西省,咸阳市,乾县,029,713300
陕西省,咸阳市,礼泉县,029,713200
陕西省,咸阳市,永寿县,029,713400
陕西省,咸阳市,长武县,029,713600
陕西省,咸阳市,旬邑县,029,711300
陕西省,咸阳市,淳化县,029,711200
陕西省,咸阳市,武功县,029,712200
陕西省,渭南市,,0913,714000
陕西省,渭南市,临渭区,0913,714000
陕西省,渭南市,韩城市,0913,715400
陕西省,渭南市,华阴市,0913,714200
陕西省,渭南市,华州区,0913,714100
陕西省,渭南市,潼关县,0913,714300
陕西省,渭南市,大荔县,0913,715100
陕西省,渭南市,合阳县,0913,715300
陕西省,渭南市,澄城县,0913,715200
陕西省,渭南市,蒲城县,0913,715500
陕西省,渭南市,白水县,0913,715600
陕西省,渭南市,富平县,0913,711700
陕西省,延安市,,0911,716000
陕西省,延安市,宝塔区,0911,716000
陕西省,延安市,安塞区,0911,717400
陕西省,延安市,子长市,0911,717300
陕西省,延安市,志丹县,0911,717500
陕西省,延安市,延长县,0911,717100
陕西省,延安市,延川县,0911,717200
陕西省,延安市,吴起县,0911,717600
陕西省,延安市,甘泉县,0911,716100
陕西省,延安市,富县,0911,727500
陕西省,延安市,洛川县,0911,727400
陕西省,延安市,宜川县,0911,716200
陕西省,延安市,黄龙县,0911,715700
陕西省,延安市,黄陵县,0911,727300
陕西省,汉中市,,0916,723000
陕西省,汉中市,汉台区,0916,723000
陕西省,汉中市,南郑区,0916,723100
陕西省,汉中市,城固县,0916,723200
陕西省,汉中市,洋县,0916,723300
陕西省,汉中市,西乡县,0916,723500
陕西省,汉中市,勉县,0916,724200
陕西省,汉中市,宁强县,0916,724400
陕西省,汉中市,略阳县,0916,724300
陕西省,汉中市,镇巴县,0916,723600
陕西省,汉中市,留坝县,0916,724100
陕西省,汉中市,佛坪县,0916,723400
陕西省,榆林市,,0912,719000
陕西省,榆林市,榆阳区,0912,719000
陕西省,榆林市,神木市,0912,719300
陕西省,榆林市,府谷县,0912,719400
陕西省,榆林市,横山区,0912,719100
陕西省,榆林市,靖边县,0912,718500
陕西省,榆林市,定边县,0912,718600
陕西省,榆林市,绥德县,0912,718000
陕西省,榆林市,米脂县,0912,718100
陕西省,榆林市,佳县,0912,719200
陕西省,榆林市,吴堡县,0912,718200
陕西省,榆林市,清涧县,0912,718300
陕西省,榆林市,子洲县,0912,718400
陕西省,安康市,,0915,725000
陕西省,安康市,汉滨区,0915,725000
陕西省,安康市,汉阴县,0915,725100
陕西省,安康市,石泉县,0915,725200
陕西省,安康市,宁陕县,0915,711600
陕西省,安康市,紫阳县,0915,725300
陕西省,安康市,岚皋县,0915,725400
陕西省,安康市,平利县,0915,725500
陕西省,安康市,镇坪县,0915,725600
陕西省,安康市,旬阳县,0915,725700
陕西省,安康市,白河县,0915,725800
陕西省,商洛市,,0914,726000
陕西省,商洛市,商州区,0914,726000
陕西省,商洛市,洛南县,0914,726100
陕西省,商洛市,丹凤县,0914,726200
陕西省,商洛市,商南县,0914,726300
陕西省,商洛市,山阳县,0914,726400
陕西省,商洛市,镇安县,0914,711500
陕西省,商洛市,柞水县,0914,711400
甘肃省,兰州市,,0931,730030
甘肃省,兰州市,城关区,0931,730030
甘肃省,兰州市,七里河区,0931,730050
甘肃省,兰州市,西固区,0931,730060
甘肃省,兰州市,安宁区,0931,730070
甘肃省,兰州市,红古区,0931,730084
甘肃省,兰州市,永登县,0931,730300
甘肃省,兰州市,皋兰县,0931,730200
甘肃省,兰州市,榆中县,0931,730100
甘肃省,嘉峪关市,,0937,735100
甘肃省,金昌市,,0935,737100
甘肃省,金昌市,金川区,0935,737100
甘肃省,金昌市,永昌县,0935,737200
甘肃省,白银市,,0943,730900
甘肃省,白银市,白银区,0943,730900
甘肃省,白银市,平川区,0943,730913
甘肃省,白银市,靖远县,0943,730600
甘肃省,白银市,会宁县,0943,730700
甘肃省,白银市,景泰县,0943,730400
甘肃省,天水市,,0938,741000
甘肃省,天水市,秦州区,0938,741000
甘肃省,天水市,麦积区,0938,741020
甘肃省,天水市,清水县,0938,741400
甘肃省,天水市,秦安县,0938,741600
甘肃省,天水市,甘谷县,0938,741200
甘肃省,天水市,武山县,0938,741300
甘肃省,天水市,张家川回族自治县,0938,741500
甘肃省,武威市,,0935,733000
甘肃省,武威市,凉州区,0935,733000
甘肃省,武威市,民勤县,0935,733300
甘肃省,武威市,古浪县,0935,733100
甘肃省,武威市,天祝藏族自治县,0935,733200
甘肃省,张掖市,,0936,734000
甘肃省,张掖市,甘州区,0936,734000
甘肃省,张掖市,民乐县,0936,734500
甘肃省,张掖市,临泽县,0936,734200
甘肃省,张掖市,高台县,0936,734300
甘肃省,张掖市,山丹县,0936,734100
甘肃省,张掖市,肃南裕固族自治县,0936,734400
甘肃省,平凉市,,0933,744000
甘肃省,平凉市,崆峒区,0933,744000
甘肃省,平凉市,华亭市,0933,744100
甘肃省,平凉市,泾川县,0933,744300
甘肃省,平凉市,灵台县,0933,744400
甘肃省,平凉市,崇信县,0933,744200
甘肃省,平凉市,庄浪县,0933,744600
甘肃省,平凉市,静宁县,0933,743400
甘肃省,酒泉市,,0937,735000
甘肃省,酒泉市,肃州区,0937,735000
甘肃省,酒泉市,玉门市,0937,735200
甘肃省,酒泉市,敦煌市,0937,736200
甘肃省,酒泉市,金塔县,0937,735300
甘肃省,酒泉市,瓜州县,0937,736100
甘肃省,酒泉市,肃北蒙古族自治县,0937,736300
甘肃省,酒泉市,阿克塞哈萨克族自治县,0937,736400
甘肃省,庆阳市,,0934,745000
甘肃省,庆阳市,西峰区,0934,745000
甘肃省,庆阳市,庆城县,0934,745100
甘肃省,庆阳市,环县,0934,745700
甘肃省,庆阳市,华池县,0934,745600
甘肃省,庆阳市,合水县,0934,745400
甘肃省,庆阳市,正宁县,0934,745300
甘肃省,庆阳市,宁县,0934,745200
甘肃省,庆阳市,镇原县,0934,744500
甘肃省,定西市,,0932,743000
甘肃省,定西市,安定区,0932,743000
甘肃省,定西市,通渭县,0932,743300
甘肃省,定西市,陇西县,0932,748100
甘肃省,定西市,渭源县,0932,748200
甘肃省,定西市,临洮县,0932,730500
甘肃省,定西市,漳县,0932,748300
甘肃省,定西市,岷县,0932,748400
甘肃省,陇南市,,0939,746000
甘肃省,陇南市,武都区,0939,746000
甘肃省,陇南市,成县,0939,742500
甘肃省,陇南市,文县,0939,746400
甘肃省,陇南市,宕昌县,0939,748500
甘肃省,陇南市,康县,0939,746500
甘肃省,陇南市,西和县,0939,742100
甘肃省,陇南市,礼县,0939,742200
甘肃省,陇南市,徽县,0939,742300
甘肃省,陇南市,两当县,0939,742400
甘肃省,临夏回族自治州,,0930,731100
甘肃省,临夏回族自治州,临夏市,0930,731100
甘肃省,临夏回族自治州,临夏县,0930,731800
甘肃省,临夏回族自治州,康乐县,0930,731500
甘肃省,临夏回族自治州,永靖县,0930,731600
甘肃省,临夏回族自治州,广河县,0930,731300
甘肃省,临夏回族自治州,和政县,0930,731200
甘肃省,临夏回族自治州,东乡族自治县,0930,731400
甘肃省,临夏回族自治州,积石山保安族东乡族撒拉族自治县,0930,731700
甘肃省,甘南藏族自治州,,0941,747000
甘肃省,甘南藏族自治州,合作市,0941,747000
甘肃省,甘南藏族自治州,临潭县,0941,747500
甘肃省,甘南藏族自治州,卓尼县,0941,747600
甘肃省,甘南藏族自治州,舟曲县,0941,746300
甘肃省,甘南藏族自治州,迭部县,0941,747400
甘肃省,甘南藏族自治州,玛曲县,0941,747300
甘肃省,甘南藏族自治州,碌曲县,0941,747200
甘肃省,甘南藏族自治州,夏河县,0941,747100
青海省,西宁市,,0971,810000
青海省,西宁市,城中区,0971,810000
青海省,西宁市,城东区,0971,810007
青海省,西宁市,城西区,0971,810001
青海省,西宁市,城北区,0971,810003
青海省,西宁市,湟中区,0971,811600
青海省,西宁市,湟源县,0971,812100
青海省,西宁市,大通回族土族自治县,0971,810100
青海省,海东市,,0972,810700
青海省,海东市,乐都区,0972,810700
青海省,海东市,平安区,0972,810600
青海省,海东市,民和回族土族自治县,0972,810800
青海省,海东市,互助土族自治县,0972,810500
青海省,海东市,化隆回族自治县,0972,810900
青海省,海东市,循化撒拉族自治县,0972,811100
青海省,海北藏族自治州,,0970,812200
青海省,海北藏族自治州,海晏县,0970,812200
青海省,海北藏族自治州,祁连县,0970,810400
青海省,海北藏族自治州,刚察县,0970,812300
青海省,海北藏族自治州,门源回族自治县,0970,810300
青海省,黄南藏族自治州,,0973,811300
青海省,黄南藏族自治州,同仁县,0973,811300
青海省,黄南藏族自治州,尖扎县,0973,811200
青海省,黄南藏族自治州,泽库县,0973,811400
青海省,黄南藏族自治州,河南蒙古族自治县,0973,811500
青海省,海南藏族自治州,,0974,813000
青海省,海南藏族自治州,共和县,0974,813000
青海省,海南藏族自治州,同德县,0974,813200
青海省,海南藏族自治州,贵德县,0974,811700
青海省,海南藏族自治州,兴海县,0974,813300
青海省,海南藏族自治州,贵南县,0974,813100
青海省,果洛藏族自治州,,0975,814000
青海省,果洛藏族自治州,玛沁县,0975,814000
青海省,果洛藏族自治州,班玛县,0975,814300
青海省,果洛藏族自治州,甘德县,0975,814100
青海省,果洛藏族自治州,达日县,0975,814200
青海省,果洛藏族自治州,久治县,0975,624700
青海省,果洛藏族自治州,玛多县,0975,813500
青海省,玉树藏族自治州,,0976,815000
青海省,玉树藏族自治州,玉树市,0976,815000
青海省,玉树藏族自治州,杂多县,0976,815300
青海省,玉树藏族自治州,称多县,0976,815100
青海省,玉树藏族自治州,治多县,0976,815400
青海省,玉树藏族自治州,囊谦县,0976,815200
青海省,玉树藏族自治州,曲麻莱县,0976,815500
青海省,海西蒙古族藏族自治州,德令哈市,0977,817000
青海省,海西蒙古族藏族自治州,格尔木市,0979,816000
青海省,海西蒙古族藏族自治州,茫崖市,0977,817500
青海省,海西蒙古族藏族自治州,乌兰县,0977,817100
青海省,海西蒙古族藏族自治州,都兰县,0977,816100
青海省,海西蒙古族藏族自治州,天峻县,0977,817200
宁夏回族自治区,银川市,,0951,750004
宁夏回族自治区,银川市,金凤区,0951,750011
宁夏回族自治区,银川市,兴庆区,0951,750001
宁夏回族自治区,银川市,西夏区,0951,750021
宁夏回族自治区,银川市,灵武市,0951,750004
宁夏回族自治区,银川市,永宁县,0951,750100
宁夏回族自治区,银川市,贺兰县,0951,750200
宁夏回族自治区,石嘴山市,,0952,753000
宁夏回族自治区,石嘴山市,大武口区,0952,753000
宁夏回族自治区,石嘴山市,惠农区,0952,753600
宁夏回族自治区,石嘴山市,平罗县,0952,753400
宁夏回族自治区,吴忠市,,0953,751100
宁夏回族自治区,吴忠市,利通区,0953,751100
宁夏回族自治区,吴忠市,红寺堡区,0953,751900
宁夏回族自治区,吴忠市,青铜峡市,0953,751600
宁夏回族自治区,吴忠市,盐池县,0953,751500
宁夏回族自治区,吴忠市,同心县,0953,751300
宁夏回族自治区,固原市,,0954,756000
宁夏回族自治区,固原市,原州区,0954,756000
宁夏回族自治区,固原市,西吉县,0954,756200
宁夏回族自治区,固原市,隆德县,0954,756300
宁夏回族自治区,固原市,泾源县,0954,756400
宁夏回族自治区,固原市,彭阳县,0954,756500
宁夏回族自治区,中卫市,,0955,751700
宁夏回族自治区,中卫市,沙坡头区,0955,755000
宁夏回族自治区,中卫市,中宁县,0955,751200
宁夏回族自治区,中卫市,海原县,0955,751800
新疆维吾尔自治区,乌鲁木齐市,,0991,830002
新疆维吾尔自治区,乌鲁木齐市,天山区,0991,830002
新疆维吾尔自治区,乌鲁木齐市,沙依巴克区,0991,830000
新疆维吾尔自治区,乌鲁木齐市,新市区,0991,830011
新疆维吾尔自治区,乌鲁木齐市,水磨沟区,0991,830017
新疆维吾尔自治区,乌鲁木齐市,头屯河区,0991,830022
新疆维吾尔自治区,乌鲁木齐市,达坂城区,0991,830039
新疆维吾尔自治区,乌鲁木齐市,米东区,0991,830019
新疆维吾尔自治区,乌鲁木齐市,乌鲁木齐县,0991,830063
新疆维吾尔自治区,克拉玛依市,,0990,834000
新疆维吾尔自治区,克拉玛依市,克拉玛依区,0990,834000
新疆维吾尔自治区,克拉玛依市,独山子区,0992,834021
新疆维吾尔自治区,克拉玛依市,白碱滩区,0990,834008
新疆维吾尔自治区,克拉玛依市,乌尔禾区,0990,834012
新疆维吾尔自治区,吐鲁番市,,0995,838000
新疆维吾尔自治区,吐鲁番市,高昌区,0995,838000
新疆维吾尔自治区,吐鲁番市,鄯善县,0995,838200
新疆维吾尔自治区,吐鲁番市,托克逊县,0995,838100
新疆维吾尔自治区,哈密市,,0902,839000
新疆维吾尔自治区,哈密市,伊州区,0902,839000
新疆维吾尔自治区,哈密市,伊吾县,0902,839300
新疆维吾尔自治区,哈密市,巴里坤哈萨克自治县,0902,839200
新疆维吾尔自治区,阿克苏地区,,0997,843000
新疆维吾尔自治区,阿克苏地区,阿克苏市,0997,843000
新疆维吾尔自治区,阿克苏地区,库车市,0997,842000
新疆维吾尔自治区,阿克苏地区,温宿县,0997,843100
新疆维吾尔自治区,阿克苏地区,沙雅县,0997,842200
新疆维吾尔自治区,阿克苏地区,新和县,0997,842100
新疆维吾尔自治区,阿克苏地区,拜城县,0997,842300
新疆维吾尔自治区,阿克苏地区,乌什县,0997,843400
新疆维吾尔自治区,阿克苏地区,阿瓦提县,0997,843200
新疆维吾尔自治区,阿克苏地区,柯坪县,0997,843600
新疆维吾尔自治区,喀什地区,,0998,844000
新疆维吾尔自治区,喀什地区,喀什市,0998,844000
新疆维吾尔自治区,喀什地区,疏附县,0998,844100
新疆维吾尔自治区,喀什地区,疏勒县,0998,844200
新疆维吾尔自治区,喀什地区,英吉沙县,0998,844500
新疆维吾尔自治区,喀什地区,泽普县,0998,844800
新疆维吾尔自治区,喀什地区,莎车县,0998,844700
新疆维吾尔自治区,喀什地区,叶城县,0998,844900
新疆维吾尔自治区,喀什地区,麦盖提县,0998,844600
新疆维吾尔自治区,喀什地区,岳普湖县,0998,844400
新疆维吾尔自治区,喀什地区,伽师县,0998,844300
新疆维吾尔自治区,喀什地区,巴楚县,0998,843800
新疆维吾尔自治区,喀什地区,塔什库尔干塔吉克自治县,0998,845250
新疆维吾尔自治区,和田地区,,0903,848000
新疆维吾尔自治区,和田地区,和田市,0903,848000
新疆维吾尔自治区,和田地区,和田县,0903,848000
新疆维吾尔自治区,和田地区,墨玉县,0903,848100
新疆维吾尔自治区,和田地区,皮山县,0903,845150
新疆维吾尔自治区,和田地区,洛浦县,0903,848200
新疆维吾尔自治区,和田地区,策勒县,0903,848300
新疆维吾尔自治区,和田地区,于田县,0903,848400
新疆维吾尔自治区,和田地区,民丰县,0903,848500
新疆维吾尔自治区,昌吉回族自治州,,0994,831100
新疆维吾尔自治区,昌吉回族自治州,昌吉市,0994,831100
新疆维吾尔自治区,昌吉回族自治州,阜康市,0994,831500
新疆维吾尔自治区,昌吉回族自治州,呼图壁县,0994,831200
新疆维吾尔自治区,昌吉回族自治州,玛纳斯县,0994,832200
新疆维吾尔自治区,昌吉回族自治州,奇台县,0994,831800
新疆维吾尔自治区,昌吉回族自治州,吉木萨尔县,0994,831700
新疆维吾尔自治区,昌吉回族自治州,木垒哈萨克自治县,0994,831900
新疆维吾尔自治区,博尔塔拉蒙古自治州,,0909,833400
新疆维吾尔自治区,博尔塔拉蒙古自治州,博乐市,0909,833400
新疆维吾尔自治区,博尔塔拉蒙古自治州,阿拉山口市,0909,833400
新疆维吾尔自治区,博尔塔拉蒙古自治州,精河县,0909,833300
新疆维吾尔自治区,博尔塔拉蒙古自治州,温泉县,0909,833500
新疆维吾尔自治区,巴音郭楞蒙古自治州,,0996,841000
新疆维吾尔自治区,巴音郭楞蒙古自治州,库尔勒市,0996,841000
新疆维吾尔自治区,巴音郭楞蒙古自治州,轮台县,0996,841600
新疆维吾尔自治区,巴音郭楞蒙古自治州,尉犁县,0996,841500
新疆维吾尔自治区,巴音郭楞蒙古自治州,若羌县,0996,841800
新疆维吾尔自治区,巴音郭楞蒙古自治州,且末县,0996,841900
新疆维吾尔自治区,巴音郭楞蒙古自治州,和静县,0996,841300
新疆维吾尔自治区,巴音郭楞蒙古自治州,和硕县,0996,841200
新疆维吾尔自治区,巴音郭楞蒙古自治州,博湖县,0996,841400
新疆维吾尔自治区,巴音郭楞蒙古自治州,焉耆回族自治县,0996,841100
新疆维吾尔自治区,克孜勒苏柯尔克孜自治州,,0908,845350
新疆维吾尔自治区,克孜勒苏柯尔克孜自治州,阿图什市,0908,845350
新疆维吾尔自治区,克孜勒苏柯尔克孜自治州,阿克陶县,0908,845550
新疆维吾尔自治区,克孜勒苏柯尔克孜自治州,阿合奇县,0997,843500
新疆维吾尔自治区,克孜勒苏柯尔克孜自治州,乌恰县,0908,845450
新疆维吾尔自治区,伊犁哈萨克自治州,,0999,835100
新疆维吾尔自治区,伊犁哈萨克自治州,伊宁市,0999,835000
新疆维吾尔自治区,伊犁哈萨克自治州,奎屯市,0992,833200
新疆维吾尔自治区,伊犁哈萨克自治州,霍尔果斯市,0999,835221
新疆维吾尔自治区,伊犁哈萨克自治州,伊宁县,0999,835100
新疆维吾尔自治区,伊犁哈萨克自治州,霍城县,0999,835200
新疆维吾尔自治区,伊犁哈萨克自治州,巩留县,0999,835400
新疆维吾尔自治区,伊犁哈萨克自治州,新源县,0999,835800
新疆维吾尔自治区,伊犁哈萨克自治州,昭苏县,0999,835600
新疆维吾尔自治区,伊犁哈萨克自治州,特克斯县,0999,835500
新疆维吾尔自治区,伊犁哈萨克自治州,尼勒克县,0999,835700
新疆维吾尔自治区,伊犁哈萨克自治州,察布查尔锡伯自治县,0999,835300
新疆维吾尔自治区,塔城地区,,0901,834700
新疆维吾尔自治区,塔城地区,塔城市,0901,834700
新疆维吾尔自治区,塔城地区,乌苏市,0992,833000
新疆维吾尔自治区,塔城地区,额敏县,0901,834600
新疆维吾尔自治区,塔城地区,沙湾县,0993,832100
新疆维吾尔自治区,塔城地区,托里县,0901,834500
新疆维吾尔自治区,塔城地区,裕民县,0901,834800
新疆维吾尔自治区,塔城地区,和布克赛尔蒙古自治县,0990,834400
新疆维吾尔自治区,阿勒泰地区,,0906,836500
新疆维吾尔自治区,阿勒泰地区,阿勒泰市,0906,836500
新疆维吾尔自治区,阿勒泰地区,布尔津县,0906,836600
新疆维吾尔自治区,阿勒泰地区,富蕴县,0906,836100
新疆维吾尔自治区,阿勒泰地区,福海县,0906,836400
新疆维吾尔自治区,阿勒泰地区,哈巴河县,0906,836700
新疆维吾尔自治区,阿勒泰地区,青河县,0906,836200
新疆维吾尔自治区,阿勒泰地区,吉木乃县,0906,836800
新疆维吾尔自治区,自治区直辖县级行政单位,石河子市,0993,832000
新疆维吾尔自治区,自治区直辖县级行政单位,阿拉尔市,0997,843300
新疆维吾尔自治区,自治区直辖县级行政单位,图木舒克市,0998,843806
新疆维吾尔自治区,自治区直辖县级行政单位,五家渠市,0994,831300
新疆维吾尔自治区,自治区直辖县级行政单位,北屯市,0906,836000
新疆维吾尔自治区,自治区直辖县级行政单位,铁门关市,0906,836000
新疆维吾尔自治区,自治区直辖县级行政单位,双河市,0909,833408
新疆维吾尔自治区,自治区直辖县级行政单位,可克达拉市,0999,835219
新疆维吾尔自治区,自治区直辖县级行政单位,昆玉市,0903,848116
新疆维吾尔自治区,自治区直辖县级行政单位,胡杨河市,0992,834034
香港特别行政区,香港特别行政区,,0852,
澳门特别行政区,澳门特别行政区（澳）,,0853,
